naId,recordGroup,level,status,exemptions,coverageStart,coverageEnd,title
7327236,263,fileUnit,Restricted - Possibly,FOIA (b)(1) National Security,,,"NIE 11-1-69, 19 Jun 69, The Soviet Space Program"
7542293,263,fileUnit,Restricted - Partly,FOIA (b)(1) National Security,,,"118) SNIE 11-9A-59, 8 Sept 59, Probable Soviet Position on Nuclear Weapons Testing"
7553431,263,fileUnit,Restricted - Partly,FOIA (b)(1) National Security,,,"16) NIE 11-6-62, 28 May 62, Trends in Soviet Science and Technology"
7579470,263,fileUnit,Restricted - Fully,FOIA (b)(1) National Security,,,"Letter to F. Wisner from Kirk re: Ruling from IRS on Tax Deduction for Contributions to Education Aid Fund, 5/6/65"
7326854,263,fileUnit,Restricted - Possibly,FOIA (b)(1) National Security,,,"NIE 25, 2 Aug 51, Probable Soviet Courses of Action in Mid-1952"
7553385,263,fileUnit,Restricted - Partly,FOIA (b)(1) National Security,,,"24) NIE 11-9-71, 15 Apr 71, Soviet Policy in Asia"
7579596,263,fileUnit,Restricted - Fully,FOIA (b)(1) National Security,,,"MFR from Kirk Regarding Discussion with Mr. Coyne re: FBI, 12/3/59"
1374246,263,fileUnit,Restricted - Partly,,,,"Buinauskas, Petra"
7542675,263,fileUnit,Restricted - Partly,FOIA (b)(1) National Security,,,"NI IIM 87-10004C, May 87, Soviet Foreign Military Assistance"
7542434,263,fileUnit,Restricted - Partly,FOIA (b)(1) National Security,,,"26) SNIE 11-14-61, The Soviet Strategic Military Posture, 1961-1967"
7553276,263,fileUnit,Restricted - Partly,FOIA (b)(1) National Security,,,"42) SE 38, 24 Apr 53, Soviet Bloc Capabilities and Probable Courses of Action in Electromagnetic Warfare"
7579534,263,fileUnit,Restricted - Fully,FOIA (b)(1) National Security,,,"Letter to Dulles from Kirk re: Very Generous Check, 1/18/65"
1284074,263,series,Restricted - Partly,FOIA (b)(1) National Security,,,Press Information Reports and Digests
1374948,263,fileUnit,Restricted - Partly,,,,"Zickus, Povilas"
7542641,263,fileUnit,Restricted - Partly,FOIA (b)(1) National Security,,,"IIR, Nov 74, Prospects for Soviet Success in Improving Detection of Submarines in Open Ocean Areas"
7553419,263,fileUnit,Restricted - Partly,FOIA (b)(1) National Security,,,"4) SNIE 11-9-61, 25 Apr 61, The Possibility of Soviet Nuclear Testing During the Moratorium"
7553653,263,fileUnit,Restricted - Partly,FOIA (b)(1) National Security,,,"52) NI IIM 83-10005JX, Dec 83, Soviet Wartime Management: The Role of Civil Defense in Leadership Continuity"
7579531,263,fileUnit,Restricted - Fully,FOIA (b)(1) National Security,,,Story of Our Educational Aid Fund Booklet
102260465,263,series,Restricted - Fully,FOIA (b)(1) National Security,,,Historical Files
7326878,263,fileUnit,Restricted - Possibly,FOIA (b)(1) National Security,,,"SE 39, 12 Mar 53, Probable Consequences of the Death of Stalin and of the Elevation of Malenkov to Leadership in the USSR"
7327073,263,fileUnit,Restricted - Possibly,FOIA (b)(1) National Security,,,"SNIE 11-17-83, 15 Sept 83, Implications of Soviet Use of Chemical and Toxin Weapons for US Security Interests"
7327132,263,fileUnit,Restricted - Possibly,FOIA (b)(1) National Security,,,"NIE 11-4-72, 2 Mar 72, Issues and Options in Soviet Military Policy"
7542380,263,fileUnit,Restricted - Partly,FOIA (b)(1) National Security,,,"24) NIE 11-63, 22 May 63, Main Trends in Soviet Foreign Policy"
7542520,263,fileUnit,Restricted - Partly,FOIA (b)(1) National Security,,,"37) Memo to Holders of NIE 11-8-68, Soviet Strategic Attack Forces"
7553420,263,fileUnit,Restricted - Partly,FOIA (b)(1) National Security,,,"5) NIE 15-61, 23 May 61, Outlook for Yugoslavia"
7553571,263,fileUnit,Restricted - Partly,FOIA (b)(1) National Security,,,"29) NIE 11-14-67, 16 Nov 67, The Soviet and East European General Purpose Forces"
25777722,263,series,Restricted - Partly,FOIA (b)(1) National Security,,,Broadcast Station and Program Notes
7326907,263,fileUnit,Restricted - Possibly,FOIA (b)(1) National Security,,,"NIE 11-4-54, 14 Sept 54, Soviet Capabilities and Probable Courses of Action Through Mid-1959"
7553298,263,fileUnit,Restricted - Partly,FOIA (b)(1) National Security,,,"64) SNIE 11-7-54, 17 Aug 54, Soviet Gross Capabilities for Attacks on the US and Key Overseas Installations Through 1 July 1957"
7553425,263,fileUnit,Restricted - Partly,FOIA (b)(1) National Security,,,"10) NIE 12-61, 9 Nov 61, The Outlook in Eastern Europe"
1251856,263,series,Restricted - Partly,FOIA (b)(1) National Security,,,Foreign Translations
7327140,263,fileUnit,Restricted - Possibly,FOIA (b)(1) National Security,,,"NIE 11-3/8-75, 17 Nov 75, Soviet Forces for Intercontinental Conflict Through the Mid-1980s"
7327208,263,fileUnit,Restricted - Possibly,FOIA (b)(1) National Security,,,"NI IIM 80-10017JX, Oct 80, The Soviet Invasion of Afghanistan: Implications for Warning"
7327314,263,fileUnit,Restricted - Possibly,FOIA (b)(1) National Security,,,"NIE 11-7-85, Nov 85, The Future of Soviet Science"
7542306,263,fileUnit,Restricted - Partly,FOIA (b)(1) National Security,,,"4) SNIE 34-2-59, 3 Feb 59, Consequences of a Soviet-Iranian Nonaggression Pact"
7542447,263,fileUnit,Restricted - Partly,FOIA (b)(1) National Security,,,"39) NIE 11-8-66, 20 Oct 66, Soviet Capabilities for Strategic Attack"
7553293,263,fileUnit,Restricted - Partly,FOIA (b)(1) National Security,,,"59) NIE 10-54, 9 Mar 54, Soviet Bloc Economic Warfare Capabilities and Courses of Action"
7553341,263,fileUnit,Restricted - Partly,FOIA (b)(1) National Security,,,"107) NIE 12-6-58, 16 Sept 58, The Outlook in Poland"
7327284,263,fileUnit,Restricted - Possibly,FOIA (b)(1) National Security,,,"NIE 12-68, 7 Nov 68, Eastern Europe and the USSR in the Aftermath of the Invasion of Czechoslovakia"
7542368,263,fileUnit,Restricted - Partly,FOIA (b)(1) National Security,,,"12) SNIE 10-62, 21 Feb 62, Communist Objectives, Capabilities, and Intentions in Southeast Asia"
7326849,263,fileUnit,Restricted - Possibly,FOIA (b)(1) National Security,,,"SE 2, 21 Feb 51, Probable Effects on Soviet Intentions and Capabilities of Arming the Japanese National Police Reserve as Four Fully Equipped Divisions"
7326989,263,fileUnit,Restricted - Possibly,FOIA (b)(1) National Security,,,"NIE 11-15-66, 4 Aug 66, Reliability of the USSR's East European Allies"
7542348,263,fileUnit,Restricted - Partly,FOIA (b)(1) National Security,,,"46) SNIE 11/80/90-82, 25 Jun 82, Soviet Policies and Activities in Latin America and the Caribbean"
7542671,263,fileUnit,Restricted - Partly,FOIA (b)(1) National Security,,,"NIE 11-7-87, Aug 87, Soviet S&T Policies and Strategies Under Gorbachev"
7327344,263,fileUnit,Restricted - Possibly,FOIA (b)(1) National Security,,,"NI IIM 86-10004, Feb 86, Soviet Civil Defense: Objectives, Pace, and Effectiveness"
7542188,263,fileUnit,Restricted - Partly,FOIA (b)(1) National Security,,,"13) SE 8, 6 Jul 51, Possible Communist Objectives in Proposing a Cease Fire in Korea"
7542190,263,fileUnit,Restricted - Partly,FOIA (b)(1) National Security,,,"15) SE 11, 17 Aug 51, Probability of a Communist Assault on Japan in 1951"
7542509,263,fileUnit,Restricted - Partly,FOIA (b)(1) National Security,,,"26) NIE 11-14-66, 13 Mar 67, Capabilities of Soviet General Purpose Forces"
7553665,263,fileUnit,Restricted - Partly,FOIA (b)(1) National Security,,,"NIE 11-12-66, 1 Dec 66, The Outlook for Sino-Soviet Relations"
7326891,263,fileUnit,Restricted - Possibly,FOIA (b)(1) National Security,,,"NIE 90, 18 Aug 53, Soviet Bloc Capabilities Through Mid-1955"
7542364,263,fileUnit,Restricted - Partly,FOIA (b)(1) National Security,,,"8) SNIE 11-10/1-61, Soviet Tactics in the Berlin Crisis"
7542393,263,fileUnit,Restricted - Partly,FOIA (b)(1) National Security,,,"37) NIE 10-68, 4 Oct 68, Communist Military Assistance Programs in Less Developed Areas"
7327037,263,fileUnit,Restricted - Possibly,FOIA (b)(1) National Security,,,"SNIE 10-62, 21 Feb 62, Communist Objectives, Capabilities, and Intentions in Southeast Asia"
7542533,263,fileUnit,Restricted - Partly,FOIA (b)(1) National Security,,,"50) NIE 11-10-79, Oct 79, Soviet Military Capabilities to Project Power and Influence in Distant Areas"
1272708,263,series,Restricted - Partly,FOIA (b)(1) National Security,,,Consolidated Translation Monthly Listings of Foreign Language Publications
1374262,263,fileUnit,Restricted - Partly,,,,"Cukurs, Herberts"
7326888,263,fileUnit,Restricted - Possibly,FOIA (b)(1) National Security,,,"SE 46, 8 Jul 53, Probable Long Term Development of the Soviet Bloc and Western Power Positions"
7326928,263,fileUnit,Restricted - Possibly,FOIA (b)(1) National Security,,,"NIE 11-3-56, 28 Feb 56, Probable Short-Term Communist Capabilities and Intentions Regarding Berlin"
7542215,263,fileUnit,Restricted - Partly,FOIA (b)(1) National Security,,,"40) SE 41, 8 Apr 53, Probable Communist Reactions to Certain Possible UN/US Military Courses of Action with Respect to the Korean War"
7542331,263,fileUnit,Restricted - Partly,FOIA (b)(1) National Security,,,"29) NIE 11-9-73, 1 Jun 73, The Soviet Approach to Summit II"
7553271,263,fileUnit,Restricted - Partly,FOIA (b)(1) National Security,,,"37) SE 37, 9 Mar 53, Probable Effects on the Soviet Bloc of Certain Courses of Action Directed at the Internal and External Commerce of Communist China"
7553374,263,fileUnit,Restricted - Partly,FOIA (b)(1) National Security,,,"13) NIE 11-65, 1 Jul 65, Soviet Politics After Khrushchev"
7542273,263,fileUnit,Restricted - Partly,FOIA (b)(1) National Security,,,"98) NIE 100-4-57, 9 Jul 57, Implications of Growing Nuclear Capabilities for the Communist Bloc and the Free World"
7542473,263,fileUnit,Restricted - Partly,FOIA (b)(1) National Security,,,"65) NIE 11-6-78, 12 Sept 78, Soviet Strategic Forces for Peripheral Attack"
7579462,263,fileUnit,Restricted - Fully,FOIA (b)(1) National Security,,,"Letter to M. Miskovsky from Kirk re: That You Have Agreed to be Counsel to Education Aid Fund, 11/5/64"
7542674,263,fileUnit,Restricted - Partly,FOIA (b)(1) National Security,,,"NIE 11/70-85, Feb 87, Soviet and Cuban Objectives and Activity in Southern Africa Through 1988"
7553240,263,fileUnit,Restricted - Partly,FOIA (b)(1) National Security,,,"6) NIE 18, 10 Jan 51, The Probability of Soviet Employment of Biological Weapons (BW) and Chemical Weapons (CW) in the Event of Attacks Upon the US"
7553357,263,fileUnit,Restricted - Partly,FOIA (b)(1) National Security,,,"123) SNIE 2-3-61, 18 Jul 61, Probable Soviet Reaction to a Western Embargo"
7579615,263,fileUnit,Restricted - Fully,FOIA (b)(1) National Security,,,MFR by Kirk re: Meeting with Alan Belmont on 4 December 1958
7327277,263,fileUnit,Restricted - Possibly,FOIA (b)(1) National Security,,,"IIM  Nov 75, Soviet Dependence on Space Systems"
7327321,263,fileUnit,Restricted - Possibly,FOIA (b)(1) National Security,,,"NI IIM 76-007C, Feb 76, Soviet and Cuban Aid to the MPLA in Angola During January 1976"
7542226,263,fileUnit,Restricted - Partly,FOIA (b)(1) National Security,,,"51) NIE 90, 18 Aug 53, Soviet Bloc Capabilities Through Mid-1955"
7542346,263,fileUnit,Restricted - Partly,FOIA (b)(1) National Security,,,"44) NIE 11-4-78, 7 Jul 81, Soviet Goals and Expectations in the Global Power Arena"
7553331,263,fileUnit,Restricted - Partly,FOIA (b)(1) National Security,,,"97) SNIE 100-7-57, 11 Jun 57, Probable Sino-Soviet Reactions to US Deployment of Nuclear Weapons Systems"
7542617,263,fileUnit,Restricted - Partly,FOIA (b)(1) National Security,,,"NIE 11-14/40-81S, 1 Sept 81, Soviet Military Forces in the Far East"
7553388,263,fileUnit,Restricted - Partly,FOIA (b)(1) National Security,,,"27) SNIE 11.1-72, 16 May 72, Security Conditions in the USSR, Poland, Austria, and Iran"
7553417,263,fileUnit,Restricted - Partly,FOIA (b)(1) National Security,,,"2) SNIE 100-6-59, 6 Apr 59, Soviet and Other Reactions to Various Courses of Action in the Berlin Crisis"
7553422,263,fileUnit,Restricted - Partly,FOIA (b)(1) National Security,,,"7) SNIE 11-11-61, 7 Sept 61, Implications of the Soviet Resumption of Nuclear Testing"
7553555,263,fileUnit,Restricted - Partly,FOIA (b)(1) National Security,,,"13) NIE 11-3-62, 20 Nov 63, Soviet bloc Air and Missile Defense Capabilities Through Mid-1967"
7326872,263,fileUnit,Restricted - Possibly,FOIA (b)(1) National Security,,,"NIE 58, 10 Sept 52, Relations Between the Chinese Communist Regime and the USSR"
7542253,263,fileUnit,Restricted - Partly,FOIA (b)(1) National Security,,,"78) NIE 100-5-55, 14 Jun 55, Implications of Growing Nuclear Capabilities for the Communist Bloc and the Free World"
7327271,263,fileUnit,Restricted - Possibly,FOIA (b)(1) National Security,,,"SNIE 11/17-2-84/L, 20 Nov 84, The Soviet Offensive Chemical Warfare Threat to NATO"
7553307,263,fileUnit,Restricted - Partly,FOIA (b)(1) National Security,,,"73) NIE 11-55, 1 Mar 55, Probable Soviet Response to the Ratification of the Paris Agreements"
7553576,263,fileUnit,Restricted - Partly,FOIA (b)(1) National Security,,,"34) SNIE 11-17-68, 8 Oct 68, Capabilities of the Warsaw Pact Against NATO"
7553658,263,fileUnit,Restricted - Partly,FOIA (b)(1) National Security,,,"57) NIE 11-16-83X, 8 Mar 83, The Soviet Approach to Arms Control: Implications for START and INF"
7579580,263,fileUnit,Restricted - Fully,FOIA (b)(1) National Security,,,"MFR from Joseph O'Neill re: Application for Fulbright Fellowship for Daughter of Mrs. Clavero, 11/21/61"
7326962,263,fileUnit,Restricted - Possibly,FOIA (b)(1) National Security,,,"NIE 11-7-61, 25 Apr 61, Soviet Short-Term Intentions Regarding Berlin and Germany"
7327090,263,fileUnit,Restricted - Possibly,FOIA (b)(1) National Security,,,"Memo to Holders of NIE 11-5-58, 25 Nov 58"
7542234,263,fileUnit,Restricted - Partly,FOIA (b)(1) National Security,,,"59) NIE 10-54, 9 Mar 54, Soviet Bloc Economic Warfare Capabilities and Courses of Action"
7542401,263,fileUnit,Restricted - Partly,FOIA (b)(1) National Security,,,"45) SNIE 11/2-81, 27 May 81, Soviet Support for International Terrorism and Revolutionary Violence"
7326982,263,fileUnit,Restricted - Possibly,FOIA (b)(1) National Security,,,"SNIE 10-5-65, 28 Apr 65, Communist Reactions to Certain US Actions"
7327002,263,fileUnit,Restricted - Possibly,FOIA (b)(1) National Security,,,"NIE 11-10-73, 2 Aug 73, Soviet Military Posture and Policies in the Third World, Volume I"
7542640,263,fileUnit,Restricted - Partly,FOIA (b)(1) National Security,,,"NIE 11-13-73, 20 Sept 73, The Sino-Soviet Relationship: The Military Aspects"
7553533,263,fileUnit,Restricted - Partly,FOIA (b)(1) National Security,,,"66) NIE 11-3/8-78, 19 Jan 79, Soviet Capabilities for Strategic Nuclear Conflict Through the Late 1980s"
7553596,263,fileUnit,Restricted - Partly,FOIA (b)(1) National Security,,,"54) NIE 11-13-82, 13 Oct 82, Soviet Ballistic Missile Defense"
5956121,263,series,Restricted - Fully,Other,,,Headquarters Outgoing Dispatches Relating to PBSUCCESS
7326996,263,fileUnit,Restricted - Possibly,FOIA (b)(1) National Security,,,"NIE 11-72, 20 Apr 72, soviet Foreign Policies and the Outlook for Soviet-American Relations"
7542422,263,fileUnit,Restricted - Partly,FOIA (b)(1) National Security,,,"14) NIE 11-5-59, 8 Sept 59, Soviet Capabilities in Guided Missiles and Space Vehicles"
7553303,263,fileUnit,Restricted - Partly,FOIA (b)(1) National Security,,,"69) NIE 11-6-54, 5 Oct 54, Soviet Capabilities and probable Programs in the Guided Missile Field"
7553568,263,fileUnit,Restricted - Partly,FOIA (b)(1) National Security,,,"26) NIE 11-14-66, 13 Mar 67, Capabilities of Soviet General Purpose Forces"
7326985,263,fileUnit,Restricted - Possibly,FOIA (b)(1) National Security,,,"NIE 12-65, 26 Aug 65, Eastern Europe and the Warsaw Pact"
7327058,263,fileUnit,Restricted - Possibly,FOIA (b)(1) National Security,,,"SNIE 11-13-67, 20 Jul 67, Probable Soviet Objectives in Rearming Arab States"
7327157,263,fileUnit,Restricted - Possibly,FOIA (b)(1) National Security,,,"NIE 11-58, 4 Mar 58, Possible Soviet Long Range Bomber Development, 1958-1962"
7542461,263,fileUnit,Restricted - Partly,FOIA (b)(1) National Security,,,"53) NIE 11-8-72, 26 Oct 72, Soviet Forces for Intercontinental Attack"
7542650,263,fileUnit,Restricted - Partly,FOIA (b)(1) National Security,,,"NI IIM 82-10003, 7 Apr 82, Moscow and the Namibia Peace Process"
7553488,263,fileUnit,Restricted - Partly,FOIA (b)(1) National Security,,,"21) NIE 11-8-61, 7 Jun 61, Soviet Capabilities for Long Range Attack"
7542300,263,fileUnit,Restricted - Partly,FOIA (b)(1) National Security,,,"125) SNIE 2-4-61, 31 Aug 61, Reactions to Certain US Measures in the Berlin Crisis"
7542312,263,fileUnit,Restricted - Partly,FOIA (b)(1) National Security,,,"10) SNIE 10-3/1-65, 18 Feb 65, Communist Reactions to possible US Courses of Action Against North Vietnam"
7553561,263,fileUnit,Restricted - Partly,FOIA (b)(1) National Security,,,"19) NIE 11-2A-65, 19 May 65, The Soviet Atomic Energy Program"
7542476,263,fileUnit,Restricted - Partly,FOIA (b)(1) National Security,,,"68) NIE 11-3/8-80, 16 Dec 80, Soviet Capabilities for Strategic Nuclear Conflict Through 1990"
7327319,263,fileUnit,Restricted - Possibly,FOIA (b)(1) National Security,,,"NI IIM 76-004C, 24 Jan 76, Soviet and Cuban Aid to the MPLA in Angola from March Through December 1975"
7327336,263,fileUnit,Restricted - Possibly,FOIA (b)(1) National Security,,,"SNIE 97-85, Nov 85, Peru: Prospects for Increased Soviet Bloc Influence"
7542521,263,fileUnit,Restricted - Partly,FOIA (b)(1) National Security,,,"38) NIE 11-3-69, 2 Oct 69, Soviet Strategic Defenses"
7553723,263,fileUnit,Restricted - Partly,FOIA (b)(1) National Security,,,"NIE 11023086, Sept 86, Implications of the Decline in Soviet Hard Currency Earnings"
102260464,263,series,Restricted - Fully,FOIA (b)(1) National Security,,,End of Course Files and Operation Course Files
7326977,263,fileUnit,Restricted - Possibly,FOIA (b)(1) National Security,,,"NIE 11-5-65, 22 Jan 65, Soviet Economic Problems and Prospects"
7327025,263,fileUnit,Restricted - Possibly,FOIA (b)(1) National Security,,,"NIE  11-3/8-82, 15 Feb 83, Soviet Capabilities for Strategic Nuclear Conflict, 1982-92"
7542525,263,fileUnit,Restricted - Partly,FOIA (b)(1) National Security,,,"42) NIE 11-10-71, 15 Dec 71, The Uses of Soviet Military Power in Distant Areas"
7553729,263,fileUnit,Restricted - Partly,FOIA (b)(1) National Security,,,"NIE 11-7-87, Aug 87, Soviet S&T Policies and Strategies Under Gorbachev"
7326968,263,fileUnit,Restricted - Possibly,FOIA (b)(1) National Security,,,"SNIE 2-5-61, 14 Sept 61, Soviet Reactions to Certain US Courses of Action"
7327315,263,fileUnit,Restricted - Possibly,FOIA (b)(1) National Security,,,"SNIE 11-13/1-62, 1 Aug 62, Soviet Intentions with Respect to Berlin"
7542185,263,fileUnit,Restricted - Partly,FOIA (b)(1) National Security,,,"10) NIE 29, 20 Mar 51, Probability of an Invasion of Yugoslavia in 1951"
7542634,263,fileUnit,Restricted - Partly,FOIA (b)(1) National Security,,,"NIE 13/11-84, 5 Apr 84, The Changing Sino-Soviet Relationship"
7553253,263,fileUnit,Restricted - Partly,FOIA (b)(1) National Security,,,"19) SE 16, 12 Oct 51, The Strength and Capabilities of Soviet Bloc Forces to Conduct Military Operations Against NATO"
7553626,263,fileUnit,Restricted - Partly,FOIA (b)(1) National Security,,,"25) Memo to Holders of NIE 11-8-71, Cost of Illustrative Soviet Intercontinental Attack Force Models"
7553657,263,fileUnit,Restricted - Partly,FOIA (b)(1) National Security,,,"56) SNIE 11-16-85, Mar 85, Soviet Strategic and Political Objectives in Arms Control in 1985"
7553714,263,fileUnit,Restricted - Partly,FOIA (b)(1) National Security,,,"SNIE 11-9-84, Soviet Policy Toward the United States in 1984"
1374805,263,fileUnit,Restricted - Partly,,,,"Sima, Horia, Vol. 3"
7553646,263,fileUnit,Restricted - Partly,FOIA (b)(1) National Security,,,"45) NI IIM 83-10005, Dec 83. Soviet Wartime Management: The Role of Civil Defense in Leadership Continuity"
1374561,263,fileUnit,Restricted - Partly,,,,"Laipenieks, Edgars"
7553696,263,fileUnit,Restricted - Partly,FOIA (b)(1) National Security,,,"NIE 11-19-85/D, Jun 85, Soviet Strategy and Capabilities for Multitheater War"
7579497,263,fileUnit,Restricted - Fully,FOIA (b)(1) National Security,,,"Memo to Chief, WH Division re: Mario Lazo, 12/27/61"
7326871,263,fileUnit,Restricted - Possibly,FOIA (b)(1) National Security,,,"SE 30, 5 Jun 52, Probable Soviet courses of Action with Respect to Berlin Through Mid-1953"
7327146,263,fileUnit,Restricted - Possibly,FOIA (b)(1) National Security,,,"NIE 11-3/8-78, 19 Jan 79, Soviet Capabilities for Strategic Nuclear Conflict Through the Late 1980s"
7542522,263,fileUnit,Restricted - Partly,FOIA (b)(1) National Security,,,"39) NIE 11-14-69, 4 Dec 69, Soviet and East European General Purpose Forces"
7553443,263,fileUnit,Restricted - Partly,FOIA (b)(1) National Security,,,"28) NIE 11-9-64, 19 Feb 64, Soviet Foreign Policy"
7579513,263,fileUnit,Restricted - Fully,FOIA (b)(1) National Security,,,"Letter to Mario from Kirk re: Leaving the Government, 7/16/65"
7327036,263,fileUnit,Restricted - Possibly,FOIA (b)(1) National Security,,,"SNIE 11-7-62, 24 Jan 62, Probable Trends in Soviet Military Assistance"
7327105,263,fileUnit,Restricted - Possibly,FOIA (b)(1) National Security,,,"SNIE 11-14-61, The Soviet Strategic Military Posture, 1961-1967"
7327222,263,fileUnit,Restricted - Possibly,FOIA (b)(1) National Security,,,"SNIE 100-5-57, 19 Mar 57, Probable World Reaction to Certain Civil Defense Programs"
7579512,263,fileUnit,Restricted - Fully,FOIA (b)(1) National Security,,,"Letter from Kirk re: Visit from Mario Lazo, 5/27/65"
5956128,263,series,Restricted - Fully,Other,,,Lincoln Station Psychological and Paramilitary Files
7542548,263,fileUnit,Restricted - Partly,FOIA (b)(1) National Security,,,"6) SNIE 100-6-58, 29 Jul 58, Implications of Certain US Earth Satellite Programs"
7553442,263,fileUnit,Restricted - Partly,FOIA (b)(1) National Security,,,"27) SNIE 11-5-64, 8 Jan 64, Soviet Economic Problems and Outlook"
7579514,263,fileUnit,Restricted - Fully,FOIA (b)(1) National Security,,,Instance Where IG Was Not Brought In
7579521,263,fileUnit,Restricted - Fully,FOIA (b)(1) National Security,,,"Letter to Dulles from Kirk re: Appreciating Kindness and Encouraging News About His Son, 3/12/53"
472494315,263,series,Restricted - Partly,John F. Kennedy Assassination Records Collection Act,1959,1998,Subject Files Relating to the Assassination of President John F. Kennedy and Persons of Interest
7327184,263,fileUnit,Restricted - Possibly,FOIA (b)(1) National Security,,,"NIE 11-6-67, 1 Jun 67, Soviet Strategy and Intentions in the Mediterranean Basin"
7327203,263,fileUnit,Restricted - Possibly,FOIA (b)(1) National Security,,,"NIE 11-14-75, 4 Sept 76, Warsaw Pact Forces Opposite NATO"
7327303,263,fileUnit,Restricted - Possibly,FOIA (b)(1) National Security,,,"NIE 11-12-83, Memorandum to Holders, Prospects for Soviet Military Technology and Research and Development"
7542412,263,fileUnit,Restricted - Partly,FOIA (b)(1) National Security,,,"4) NIE 11-5-57, 12 Mar 57, Soviet Capabilities and Probable Programs in the Guided Missile Field"
7542560,263,fileUnit,Restricted - Partly,FOIA (b)(1) National Security,,,"18) NIE 11-11-69, 13 Feb 69, Soviet Chemical and Biological Warfare Capabilities"
7542631,263,fileUnit,Restricted - Partly,FOIA (b)(1) National Security,,,"NI IIM 84-10016/DS, Jun 85, Soviet Tank Programs"
7542474,263,fileUnit,Restricted - Partly,FOIA (b)(1) National Security,,,"66) NIE 11-3/8-78, 19 Jan 79, Soviet Capabilities for Strategic Nuclear Conflict Through the Late 1980s"
7579524,263,fileUnit,Restricted - Fully,FOIA (b)(1) National Security,,,"Letter to Dulles re: Progress of his Son, 12/29/52"
7542186,263,fileUnit,Restricted - Partly,FOIA (b)(1) National Security,,,"11) NIE 29/1, 4 May 51, Review of the Conclusions of NIE 29, Probability of an Invasion of Yugoslavia in 1951"
7542361,263,fileUnit,Restricted - Partly,FOIA (b)(1) National Security,,,"5) NIE 15-61, 23 May 61, Outlook for Yugoslavia"
7553305,263,fileUnit,Restricted - Partly,FOIA (b)(1) National Security,,,"71) SNIE 100-3-55, 25 Jan 55, Communist Reactions to Certain Possible US Courses of Action with Respect to the Islands Off the Coast of China"
7327104,263,fileUnit,Restricted - Possibly,FOIA (b)(1) National Security,,,"NIE 11-8/1-61, Strength and Deployment of Soviet Long Range Ballistic Missile Forces, 21 September 1961"
7553236,263,fileUnit,Restricted - Partly,FOIA (b)(1) National Security,,,"2) NIE 2/2, 27 Nov 50, Soviet Participation in the Air Defense of Manchuria"
7553238,263,fileUnit,Restricted - Partly,FOIA (b)(1) National Security,,,"4) NIE 15, 11 Dec 50, Probable Soviet Moves to Exploit the Present Situation"
7553648,263,fileUnit,Restricted - Partly,FOIA (b)(1) National Security,,,"47) NIE 11-1/7-84, 26 Nov 84, Potential for the Transfer of US Space Technology to the Soviet Union"
102260470,263,series,Restricted - Partly,FOIA (b)(1) National Security,1943,1963,Intelligence Documents
102260477,263,series,Restricted - Fully,FOIA (b)(1) National Security,,,Operation Course Files
7326876,263,fileUnit,Restricted - Possibly,FOIA (b)(1) National Security,,,"SE 36, 5 Mar 53, Soviet Capabilities for Attack on the US Through Mid-1955"
7542405,263,fileUnit,Restricted - Partly,FOIA (b)(1) National Security,,,"49) NICM 82-10004, Apr 82, The Soviet Bloc Financial Problem as a Source of Western Influence"
7542572,263,fileUnit,Restricted - Partly,FOIA (b)(1) National Security,,,"30) IIM 75-015, 3 Mar 75, Soviet Strategic Policies and Force Options Under the Vladivostok Understanding"
7553506,263,fileUnit,Restricted - Partly,FOIA (b)(1) National Security,,,"39) NIE 11-8-66, 20 Oct 66, Soviet Capabilities for Strategic Attack"
7553724,263,fileUnit,Restricted - Partly,FOIA (b)(1) National Security,,,"NI IIM 86-10002, Mar 86, Soviet Military Production, 1974-85"
7326843,263,fileUnit,Restricted - Possibly,FOIA (b)(1) National Security,,,"NIE 11, 5 Dec 50, Soviet Intentions in the Current Situation"
7327334,263,fileUnit,Restricted - Possibly,FOIA (b)(1) National Security,,,"SNIE 83.3-3-85, Mar 85, Nicaragua: Soviet Bloc and Radical Support for the Sandinista Regime"
7542409,263,fileUnit,Restricted - Partly,FOIA (b)(1) National Security,,,"1) NIE 11-56, 6 Mar 56, Soviet Gross Capabilities for Attack on the US and Key Overseas Installations and Forces Through Mid-1959"
7542568,263,fileUnit,Restricted - Partly,FOIA (b)(1) National Security,,,"26) NIE 11/20-73, 11 Jan 73, The Soviet Approach to Force Reductions in Europe"
7553375,263,fileUnit,Restricted - Partly,FOIA (b)(1) National Security,,,"14) SNIE 10-9-65, 23 Jul 65, Communist and Free World Reactions to a Possible US Course of Action"
7553625,263,fileUnit,Restricted - Partly,FOIA (b)(1) National Security,,,"24) NIE 11-8-71, 21 Oct 71, Soviet Forces for Intercontinental Attack"
7579500,263,fileUnit,Restricted - Fully,FOIA (b)(1) National Security,,,"Letter to M. Lazo re: Christmas Greetings, 12/13/63"
7579594,263,fileUnit,Restricted - Fully,FOIA (b)(1) National Security,,,"Memo for Division Chief re: True Magazine Article, 10/8/59"
1284067,263,series,Restricted - Partly,FOIA (b)(1) National Security,,,Summaries
7542322,263,fileUnit,Restricted - Partly,FOIA (b)(1) National Security,,,"20) SNIE 58-70 58-70, 5 Feb 70, The Communist View of the Situation in Laos"
7542262,263,fileUnit,Restricted - Partly,FOIA (b)(1) National Security,,,"87) NIE 11-3-56, 28 Feb 56, Probable Short-Term Communist Capabilities and Intentions Regarding Berlin"
7326895,263,fileUnit,Restricted - Possibly,FOIA (b)(1) National Security,,,"NIE 28.5-54, 8 Jan 54, Current Situation and Probable Developments in Finland During 1954"
7579482,263,fileUnit,Restricted - Fully,FOIA (b)(1) National Security,,,"Letter to E. Gamble from Kirk re: Picture Booklet, 10/12/59"
7327042,263,fileUnit,Restricted - Possibly,FOIA (b)(1) National Security,,,"SNIE 11-13-62, 13 Jun 62, Soviet Intentions with Respect to Berlin"
7327124,263,fileUnit,Restricted - Possibly,FOIA (b)(1) National Security,,,"NIE 11-8-67, 26 Oct 67, Soviet Capabilities for Strategic Attack"
7327198,263,fileUnit,Restricted - Possibly,FOIA (b)(1) National Security,,,"NIE 11-14-71, 9 Sept 71, Warsaw Pact Forces for Operations in Eurasia"
7542266,263,fileUnit,Restricted - Partly,FOIA (b)(1) National Security,,,"91) SNIE 11-8-56, 6 Nov 56, Likelihood of Soviet Violation of Austrian Neutrality"
7542655,263,fileUnit,Restricted - Partly,FOIA (b)(1) National Security,,,"SNIE 11-9-84, Soviet Policy Toward the United States in 1984"
7553393,263,fileUnit,Restricted - Partly,FOIA (b)(1) National Security,,,"32) NIE 11-10-78, 2 Aug 73, Soviet Military Posture and Policies in the Third World, Volume II, Annexes A Through E"
7327082,263,fileUnit,Restricted - Possibly,FOIA (b)(1) National Security,,,"NIE 11-5-57, 12 Mar 57, Soviet Capabilities and Probable Programs in the Guided Missile Field"
7542590,263,fileUnit,Restricted - Partly,FOIA (b)(1) National Security,,,"48) NIE 11-1-85W, Dec 85, Soviet Space Programs"
7542633,263,fileUnit,Restricted - Partly,FOIA (b)(1) National Security,,,"NIE 11/40-84, 25 Sept 84, Soviet Policy in East Asia"
7553635,263,fileUnit,Restricted - Partly,FOIA (b)(1) National Security,,,"34) NIO IIM 76-041, Nov 76, Soviet Civil Defense"
7326873,263,fileUnit,Restricted - Possibly,FOIA (b)(1) National Security,,,"NIE 47, 31 Oct 52, Communist Capabilities and Intentions in Asia Through Mid-1953"
7327228,263,fileUnit,Restricted - Possibly,FOIA (b)(1) National Security,,,"NIE 11-6-64, 26 Aug 64, Soviet Capabilities and Intentions with Respect to Biological Warfare"
7542195,263,fileUnit,Restricted - Partly,FOIA (b)(1) National Security,,,"20) SE 14, 23 Oct 51, Soviet Capabilities for a Military Attack on the United States Before July 1952"
7542254,263,fileUnit,Restricted - Partly,FOIA (b)(1) National Security,,,"79) NIE 11-7-55, 23 Jun 55, Soviet Gross Capabilities for Attacks on the US and Key Overseas Installations and Forces Through 1 July 1958"
7553594,263,fileUnit,Restricted - Partly,FOIA (b)(1) National Security,,,"52) NIE 11-14-81, 7 Jul 81, Warsaw Pact Forces Opposite NATO"
7553647,263,fileUnit,Restricted - Partly,FOIA (b)(1) National Security,,,"46) NIE 11-1/7-84, Nov 84, Potential for the Transfer of US Space Technology to the Soviet Union"
7327151,263,fileUnit,Restricted - Possibly,FOIA (b)(1) National Security,,,"NIE 11-3/8-81, 23 Mar 82, Soviet Capabilities for Strategic Nuclear Conflict, 1981-91"
7327195,263,fileUnit,Restricted - Possibly,FOIA (b)(1) National Security,,,"NIE 11-3-69, 2 Oct 69, Soviet Strategic Defenses"
7327224,263,fileUnit,Restricted - Possibly,FOIA (b)(1) National Security,,,"NIE 11-7-60, 17 May 60, Soviet Capabilities and Intentions with Respect to the Clandestine Introduction of Weapons of Mass Destruction into the US"
7553304,263,fileUnit,Restricted - Partly,FOIA (b)(1) National Security,,,"70) NIE 10-7-54, 23 Nov 54, Communist Courses of Action in Asia through 1957"
7553469,263,fileUnit,Restricted - Partly,FOIA (b)(1) National Security,,,"2) NIE 11-4-56, 2 Aug 56, Soviet Capabilities and Probable Courses of Action Through 1961"
7553603,263,fileUnit,Restricted - Partly,FOIA (b)(1) National Security,,,"2) NIE 95, 25 Sept 53, Probable Soviet Bloc Courses of Action Through Mid-1955"
7326917,263,fileUnit,Restricted - Possibly,FOIA (b)(1) National Security,,,"NIE 11-3-55, 17 May 55, Soviet Capabilities and Probable Soviet Courses of Action Through 1960"
7327007,263,fileUnit,Restricted - Possibly,FOIA (b)(1) National Security,,,"NIE 11-5-75, 9 Oct 75, The Soviet Assessment of the US"
7327093,263,fileUnit,Restricted - Possibly,FOIA (b)(1) National Security,,,"NIE 11-5-59, 3 Nov 59, Soviet Capabilities in Guided Missiles and Space Vehicles"
7327167,263,fileUnit,Restricted - Possibly,FOIA (b)(1) National Security,,,"NIE 11-4-61, Main Trends in Soviet Capabilities and Policies, 1961-1966 - Annexes A and B"
7579584,263,fileUnit,Restricted - Fully,FOIA (b)(1) National Security,,,"Memo for DCI from Kirk re: True Magazine Article, 8/26/59"
102260453,263,series,Restricted - Fully,FOIA (b)(1) National Security,1943,1963,Budget Formulation Files
7553454,263,fileUnit,Restricted - Partly,FOIA (b)(1) National Security,,,"39) NIE 11-69, 27 Feb 69, Basic Factors and Main Tendencies in Current Soviet Policy"
7553547,263,fileUnit,Restricted - Partly,FOIA (b)(1) National Security,,,"5) NIE 11-60, 12 Apr 60, Trends in Soviet Military Capabilities in the Period 1965-1970"
7553654,263,fileUnit,Restricted - Partly,FOIA (b)(1) National Security,,,"53) SNIE 11/17-2-84/L, 20 Nov 84, The Soviet Offensive Chemical Warfare Threat to NATO"
5956132,263,series,Restricted - Fully,Other,,,Lincoln Station Sherwood Files
7327266,263,fileUnit,Restricted - Possibly,FOIA (b)(1) National Security,,,"NIE 11-1-85W, Dec 85, Soviet Space Programs"
7542304,263,fileUnit,Restricted - Partly,FOIA (b)(1) National Security,,,"2) SE 34, 30 Dec 52, Consequences of an Attempt to Overthrow the Resent Regime in Albania"
7542583,263,fileUnit,Restricted - Partly,FOIA (b)(1) National Security,,,"41) SNIE 11/50/37-82, 26 Feb 82, Use of Toxins and Other Lethal chemicals in Southeast Asia and Afghanistan: Volume II, Supporting Analysis"
7553327,263,fileUnit,Restricted - Partly,FOIA (b)(1) National Security,,,"93) SNIE 12-3-56, 27 Nov 56, Probable Developments in Soviet-Satellite Relations"
7326908,263,fileUnit,Restricted - Possibly,FOIA (b)(1) National Security,,,"SNIE 11-7A-54, 14 Sept 54, Soviet Gross Capabilities for Attacks on the US and Key Overseas Installations Through 1 July 1957"
7327152,263,fileUnit,Restricted - Possibly,FOIA (b)(1) National Security,,,"NIE 11/4-82, 10 Aug 82, The Soviet Challenge to US Security Interests"
7542340,263,fileUnit,Restricted - Partly,FOIA (b)(1) National Security,,,"38) NIE 11-4-78, 9 May 78, Soviet Goals and Expectations in the Global Power Arena"
7553478,263,fileUnit,Restricted - Partly,FOIA (b)(1) National Security,,,"11) NIE 11-5-58, 19 Aug 58, Soviet Capabilities in Guided Missiles and Space Vehicles"
7579555,263,fileUnit,Restricted - Fully,FOIA (b)(1) National Security,,,"Letter to Dulles from John McCone re: Comments on IG's Survey of Cuban Operation, 2/19/62"
7579591,263,fileUnit,Restricted - Fully,FOIA (b)(1) National Security,,,"Routing Slip to Director of Security, 9/21/59"
1374289,263,fileUnit,Restricted - Partly,,,,"Dosti, Hasan"
1374586,263,fileUnit,Restricted - Partly,,,,"Linnas, Karl"
7542539,263,fileUnit,Restricted - Partly,FOIA (b)(1) National Security,,,"56) NIE 11/39-83D, Dec 83, Soviet Forces and Capabilities in the Southern Theater of Military Operations"
7553414,263,fileUnit,Restricted - Partly,FOIA (b)(1) National Security,,,"53) NIC M 82-10004, Apr 82, The Soviet Bloc Financial Problem as a Source of Western Influence"
7553518,263,fileUnit,Restricted - Partly,FOIA (b)(1) National Security,,,"51) NIE 11-8-71, 21 Oct 71, Soviet Forces for Intercontinental Attack"
7553702,263,fileUnit,Restricted - Partly,FOIA (b)(1) National Security,,,"NIO IIM 76-004C, 24 Jan 76, Soviet and Cuban Aid to the MPLA in Angola from March Through December 1975"
7579620,263,fileUnit,Restricted - Fully,FOIA (b)(1) National Security,,,"Not to Kirk from Mr. Clarendon re: Help for Mrs. Clavero's Daughter, 9/12/62"
7542442,263,fileUnit,Restricted - Partly,FOIA (b)(1) National Security,,,"34) NIE 11-8-64, 8 Oct 64, Soviet Capabilities for Strategic Attack"
7542468,263,fileUnit,Restricted - Partly,FOIA (b)(1) National Security,,,"60) NIE 11-3/8-75, 17 Nov 75, Soviet Forces for Intercontinental Conflict Through the Mid-1980s"
7553559,263,fileUnit,Restricted - Partly,FOIA (b)(1) National Security,,,"17) NIE 11-14-64, 10 Dec 64, Capabilities of soviet General Purpose Forces, 1964-1970"
7327148,263,fileUnit,Restricted - Possibly,FOIA (b)(1) National Security,,,"NIE 11-3/8-80, 16 Dec 80, Soviet Capabilities for Strategic Nuclear Conflict Through 1990"
7542406,263,fileUnit,Restricted - Partly,FOIA (b)(1) National Security,,,"50) NICM 82-10005, Apr 82, The US-Soviet Competition for Influence in the Third World: How LDCs (Less Developed Countries) Play It"
7542581,263,fileUnit,Restricted - Partly,FOIA (b)(1) National Security,,,"39) NIC M 81-10009, Sept 81, Evolving soviet Strategy Toward LRTNF (Long Range Theater Nuclear Forces) Negotiations"
7542582,263,fileUnit,Restricted - Partly,FOIA (b)(1) National Security,,,"40) SNIE 11/50/37-82, 2 Feb 82, Use of Toxins and Other Lethal Chemicals in Southeast Asia and Afghanistan"
7553252,263,fileUnit,Restricted - Partly,FOIA (b)(1) National Security,,,"18) SE 15, 4 Oct 51, Possible Psychological Reactions to a US Air Offensive Against the USSR"
7327065,263,fileUnit,Restricted - Possibly,FOIA (b)(1) National Security,,,"NIE 11-10-69, 12 Jun 69, Trends and prospects in Soviet Maritime Activities"
7542222,263,fileUnit,Restricted - Partly,FOIA (b)(1) National Security,,,"47) NIE 65, 16 Jun 53, Soviet Bloc Capabilities Through 1957"
7542578,263,fileUnit,Restricted - Partly,FOIA (b)(1) National Security,,,"36) NI IIM 78-10018J, Aug 78, Indications and Warning of Soviet Intentions to Us Chemical Weapons During a NATO-Warsaw Pact War"
7542584,263,fileUnit,Restricted - Partly,FOIA (b)(1) National Security,,,"42) SNIE 11/50/37-82, 2 Mar 83, Use of Toxins and Other Lethal Chemicals in Southeast Asia and Afghanistan"
7553272,263,fileUnit,Restricted - Partly,FOIA (b)(1) National Security,,,"38) SE 39, 12 Mar 53, Probable Consequences of the Death of Stalin and of the Elevation of Malenkov to Leadership in the USSR"
7553613,263,fileUnit,Restricted - Partly,FOIA (b)(1) National Security,,,"12) Memo to Holders of NIE 11-10-63, Soviet Capabilities and Intentions with Respect to Chemical Warfare"
7579471,263,fileUnit,Restricted - Fully,FOIA (b)(1) National Security,,,"Letter to S. Alsop from McCone re: Educational Aid Fund with Attached List of People Contacted, 3/20/65"
102260480,263,series,Restricted - Fully,FOIA (b)(1) National Security,,,Personality Files
7542579,263,fileUnit,Restricted - Partly,FOIA (b)(1) National Security,,,"37) NIE 11-1-80, 6 Aug 80, Soviet Military Capabilities and Intentions in Space"
7542636,263,fileUnit,Restricted - Partly,FOIA (b)(1) National Security,,,"SNIE 11-7/9-85/L, Aug 85, Soviet Reactions to Stealth"
7542638,263,fileUnit,Restricted - Partly,FOIA (b)(1) National Security,,,"NIE 11-7-85, Nov 85, The Future of Soviet Science"
7553377,263,fileUnit,Restricted - Partly,FOIA (b)(1) National Security,,,"16) SNIE 10-11-65 22 Sept 65, Probable Communist Reactions to a US Course of Action"
7553487,263,fileUnit,Restricted - Partly,FOIA (b)(1) National Security,,,"20) NIE 11-4-60, 1 Dec 60, Main Trends in Soviet Capabilities and Policies, 1960-1965"
7579489,263,fileUnit,Restricted - Fully,FOIA (b)(1) National Security,,,"MFR re: Lunch with Dr. Mario Lazo, 12/4/58"
7327017,263,fileUnit,Restricted - Possibly,FOIA (b)(1) National Security,,,"SNIE 11/80/90-82, 25 Jun 82, Soviet Policies and Activities in Latin America and the Caribbean"
7327069,263,fileUnit,Restricted - Possibly,FOIA (b)(1) National Security,,,"SNIE 30-70, 14 May 70, The USSR and the Egyptian-Israeli Confrontation"
7542436,263,fileUnit,Restricted - Partly,FOIA (b)(1) National Security,,,"28) Memo for Holders of NIE 11-8-62, 6 Jul 62, : Soviet Capabilities for Long Range Attack"
7553390,263,fileUnit,Restricted - Partly,FOIA (b)(1) National Security,,,"29) NIE 11-9-73, 1 Jun 73, The Soviet Approach to Summit II"
7553670,263,fileUnit,Restricted - Partly,FOIA (b)(1) National Security,,,"NIO IIM 76-012J, Mar 76, Soviet Approaches to Defense Against Ballistic Missile Submarines and Prospects for Success"
7327194,263,fileUnit,Restricted - Possibly,FOIA (b)(1) National Security,,,"Memo to Holders of NIE 11-8-68, Soviet Strategic Attack Forces"
7542552,263,fileUnit,Restricted - Partly,FOIA (b)(1) National Security,,,"10) NIE 11-10-63, 27 Dec 63, Soviet Capabilities and Intentions with Respect to Chemical Warfare"
7542607,263,fileUnit,Restricted - Partly,FOIA (b)(1) National Security,,,"NIE 11-67, 1 Jun 67, Soviet Military Research and Development"
7553275,263,fileUnit,Restricted - Partly,FOIA (b)(1) National Security,,,"41) SE 40, 13 Apr 53, Communist Reactions to US Establishment of a Volunteer Freedom Corps"
7553668,263,fileUnit,Restricted - Partly,FOIA (b)(1) National Security,,,"NIE 11/13-69, 12 Aug 69, The USSR and China"
7579575,263,fileUnit,Restricted - Fully,FOIA (b)(1) National Security,,,"Memo on US Senate Paper saying ""Neither 1960 nor 1961"""
7579633,263,fileUnit,Restricted - Fully,FOIA (b)(1) National Security,,,"MFR from Kirk re: Lunch in Paris, 5/19/52"
7542282,263,fileUnit,Restricted - Partly,FOIA (b)(1) National Security,,,"107) NIE 12-6-58, 16 Sept 58, The Outlook in Poland"
7553308,263,fileUnit,Restricted - Partly,FOIA (b)(1) National Security,,,"74) NIE 12.5-55, 29 Mar 55, Current Situation and Probable Developments in Hungary"
7327149,263,fileUnit,Restricted - Possibly,FOIA (b)(1) National Security,,,"Memo to Holders of NIE 11-4-78, Soviet Goals and Expectations in the Global Power Arena"
7327318,263,fileUnit,Restricted - Possibly,FOIA (b)(1) National Security,,,"SNIE 11/30-1-75, 30 Jan 75, Possible Soviet Military Intervention in a Syria-Israeli War"
7542512,263,fileUnit,Restricted - Partly,FOIA (b)(1) National Security,,,"29) NIE 11-14-67, 16 Nov 67, The Soviet and East European General Purpose Forces"
573459,263,series,Restricted - Partly,FOIA (b)(6) Personal Information; FOIA (b)(1) National Security,1923,1999,First Release of Name Files Under the Nazi War Crimes and Japanese Imperial Government Disclosure Acts
5956135,263,series,Restricted - Fully,Other,,,Lincoln Station Intelligence Files
7542420,263,fileUnit,Restricted - Partly,FOIA (b)(1) National Security,,,"12) Memo to Holders of NIE 11-5-58, 25 Nov 58"
7553458,263,fileUnit,Restricted - Partly,FOIA (b)(1) National Security,,,"43) SNIE 30-70, 14 May 70, The USSR and the Egyptian-Israeli Confrontation"
7579483,263,fileUnit,Restricted - Fully,FOIA (b)(1) National Security,,,"Memo to Chief, WH Division re: Activities of Nunez Portouondo and Rudolf Fernandez, 11/5/59"
7326936,263,fileUnit,Restricted - Possibly,FOIA (b)(1) National Security,,,"NIE 12-57, 19 Feb 57, Stability of the Soviet Satellite Structure"
7327301,263,fileUnit,Restricted - Possibly,FOIA (b)(1) National Security,,,"NI IIM 83-10002, Jul 83, Employment of Warsaw Pact Forces Against NATO"
7542214,263,fileUnit,Restricted - Partly,FOIA (b)(1) National Security,,,"39) NIE 80, 3 Apr 53, Communist Capabilities and Probable Courses of Action in Korea"
7553678,263,fileUnit,Restricted - Partly,FOIA (b)(1) National Security,,,"NI IIM 81-10024JX(S), Nov 81, Soviet Intentions and Capabilities for Interdicting Sea Lines of Communication in a War with NATO"
7326848,263,fileUnit,Restricted - Possibly,FOIA (b)(1) National Security,,,"NIE 22, 19 Feb 51, Vulnerability of the Soviet Bloc to Economic Warfare"
7326924,263,fileUnit,Restricted - Possibly,FOIA (b)(1) National Security,,,"NIE 11-13-55, 4 Oct 55, Soviet Foreign Policy in the Light of the Summit Conference"
7326981,263,fileUnit,Restricted - Possibly,FOIA (b)(1) National Security,,,"SNIE 10-4-65, 19 Mar 65, Probable Communist Reactions to Deployment of an ROK Combat Division for Base Security Duty in South Vietnam"
7327226,263,fileUnit,Restricted - Possibly,FOIA (b)(1) National Security,,,"NIE 11-1-62, 5 Dec 62, The Soviet Space Program"
7327265,263,fileUnit,Restricted - Possibly,FOIA (b)(1) National Security,,,"NIE 11-1/7-84, 26 Nov 84, Potential for the Transfer of US Space Technology to the Soviet Union"
7327329,263,fileUnit,Restricted - Possibly,FOIA (b)(1) National Security,,,"NIE 11-7-83, 14 Dec 83, Soviet Energy Prospects Into the 1990s - Key Judgments"
7327243,263,fileUnit,Restricted - Possibly,FOIA (b)(1) National Security,,,"NIE 11/20-73, 11 Jan 73, The Soviet Approach to Force Reductions in Europe"
7542204,263,fileUnit,Restricted - Partly,FOIA (b)(1) National Security,,,"29) NIE 60, 30 April 1952, Civil Defense in the USSR"
7542218,263,fileUnit,Restricted - Partly,FOIA (b)(1) National Security,,,"43) SE 42, 24 Apr 53, Current Communist Tactics"
7542496,263,fileUnit,Restricted - Partly,FOIA (b)(1) National Security,,,"13) NIE 11-3-62, 20 Nov 63, Soviet bloc Air and Missile Defense Capabilities Through Mid-1967"
7542543,263,fileUnit,Restricted - Partly,FOIA (b)(1) National Security,,,"1) NIE 43, 13 Nov 51, The Strategic Importance of the Far East to the USSR"
7553642,263,fileUnit,Restricted - Partly,FOIA (b)(1) National Security,,,"41) SNIE 11/50/37-82, 26 Feb 82, Use of Toxins and Other Lethal chemicals in Southeast Asia and Afghanistan: Volume II, Supporting Analysis"
7579554,263,fileUnit,Restricted - Fully,FOIA (b)(1) National Security,,,"Memo for Director from Kirk re: Air Support at the Bay of Pigs, 11/14/62"
7579568,263,fileUnit,Restricted - Fully,FOIA (b)(1) National Security,,,"MFR from Kirk re: Discussion with Mr. McCone, 12/18/61"
102260481,263,series,Restricted - Fully,FOIA (b)(1) National Security,1942,1966,Policy Files
640447,263,series,Restricted - Partly,Other; FOIA (b)(6) Personal Information,1946,2003,Second Release of Subject Files Under the Nazi War Crimes and Japanese Imperial Government Disclosure Acts
7327218,263,fileUnit,Restricted - Possibly,FOIA (b)(1) National Security,,,"NIE 43, 13 Nov 51, The Strategic Importance of the Far East to the USSR"
7327353,263,fileUnit,Restricted - Possibly,FOIA (b)(1) National Security,,,"NI IIA  87-10006JX, Mar 87, Soviet Short-Range Ballistic Missiles and the Impact of a Ban on Long-Range INF Missiles"
7553262,263,fileUnit,Restricted - Partly,FOIA (b)(1) National Security,,,"28) SE 25, 28 Apr 52, Military Indications of a Possible Large-Scale Communist Attack in Korea in the Immediate Future"
7553470,263,fileUnit,Restricted - Partly,FOIA (b)(1) National Security,,,"3) SNIE 11-6-57, 10 Jan 57, Soviet Gross Capabilities for Attack on the Continental US in Mid-1960"
7553480,263,fileUnit,Restricted - Partly,FOIA (b)(1) National Security,,,"13) NIE 11-4-58, 23 Dec 58, Main Trends in Soviet Capabilities and Policies, 1958-1963"
7553515,263,fileUnit,Restricted - Partly,FOIA (b)(1) National Security,,,"48) NIE 11-8-69, 9 Sept 69, Soviet Strategic Attack Forces"
7579467,263,fileUnit,Restricted - Fully,FOIA (b)(1) National Security,,,"Memo re: Early Retirement Legislation, 8/10/62"
7327177,263,fileUnit,Restricted - Possibly,FOIA (b)(1) National Security,,,"NIE 11-12-65, 22 Sept 65, Reactions to Certain US Ballistic Missile Defense Programs"
7327181,263,fileUnit,Restricted - Possibly,FOIA (b)(1) National Security,,,"NIE 11-4-66, 16 Jun 66, Main Trends in Soviet Military Policy"
7553263,263,fileUnit,Restricted - Partly,FOIA (b)(1) National Security,,,"29) NIE 60, 30 April 1952, Civil Defense in the USSR"
102260478,263,series,Restricted - Fully,FOIA (b)(1) National Security,1943,1964,Opinion Files
7542355,263,fileUnit,Restricted - Partly,FOIA (b)(1) National Security,,,"53) NIC M 82-10004, Apr 82, The Soviet Bloc Financial Problem as a Source of Western Influence"
7542483,263,fileUnit,Restricted - Partly,FOIA (b)(1) National Security,,,"75) NIE 11-3/8-83, 6 Mar 84, Soviet Capabilities for Strategic Nuclear Conflict, 1983-93"
7553484,263,fileUnit,Restricted - Partly,FOIA (b)(1) National Security,,,"17) NIE 11-4-59, 9 Feb 60, Main Trends in Soviet Capabilities and Policies, 1959-1964"
7553558,263,fileUnit,Restricted - Partly,FOIA (b)(1) National Security,,,"16) SNIE 13-4-64, 26 Aug 64, The Chances of an Imminent Communist Chinese Nuclear Explosion"
7579468,263,fileUnit,Restricted - Fully,FOIA (b)(1) National Security,,,"Memo re: Accelerated Retirement, 12/11/57"
102260482,263,series,Restricted - Fully,FOIA (b)(1) National Security,,,Policy Training Files
7327299,263,fileUnit,Restricted - Possibly,FOIA (b)(1) National Security,,,"NIE 12/11-83, 28 Jun 83, Military Reliability of the Soviet Union's Warsaw Pact Allies"
7542362,263,fileUnit,Restricted - Partly,FOIA (b)(1) National Security,,,"6) SNIE 11-10-61, 24 Aug 61, Soviet Tactics in the Berlin Crisis"
7553591,263,fileUnit,Restricted - Partly,FOIA (b)(1) National Security,,,"49) NI IIM 10022J, 28 Sept 79, Soviet Options in Afghanistan"
4509733,263,series,Restricted - Possibly,,1920,1963,Subject and Country Files
7327055,263,fileUnit,Restricted - Possibly,FOIA (b)(1) National Security,,,"NIE 15-67, 13 Apr 67, The Yugoslav Experiment"
7542358,263,fileUnit,Restricted - Partly,FOIA (b)(1) National Security,,,"2) SNIE 100-6-59, 6 Apr 59, Soviet and Other Reactions to Various Courses of Action in the Berlin Crisis"
7542388,263,fileUnit,Restricted - Partly,FOIA (b)(1) National Security,,,"32) NIE 11-5-67, 25 May 67, Soviet Economic Problems and Prospects"
7579543,263,fileUnit,Restricted - Fully,FOIA (b)(1) National Security,,,"Letter to Dulles from Kirk re: Delay in Getting Figures on Educational Background of CIA Senior Officers, 5/10/63"
7579650,263,fileUnit,Restricted - Fully,FOIA (b)(1) National Security,,,"Letter to Hoover from Kirk True Magazine Article, 8/26/59"
7327295,263,fileUnit,Restricted - Possibly,FOIA (b)(1) National Security,,,"NI IIM 81-10024JX(S, Nov 81, Soviet Intentions and Capabilities for Interdicting Sea Lines of Communication in a War with NATO)"
7327338,263,fileUnit,Restricted - Possibly,FOIA (b)(1) National Security,,,"NIE 11-14-85/D, Sept 85, Trends and Developments in Warsaw Pact Theater forces, 1985-2000"
7542176,263,fileUnit,Restricted - Partly,FOIA (b)(1) National Security,,,"1) NIE 3, 15 Nov 50, Soviet Capabilities and Intentions"
7579545,263,fileUnit,Restricted - Fully,FOIA (b)(1) National Security,,,"Letter to Dulles from Kirk Advising that Miss Chris Applied for Disability Retirement, 4/3/63"
7553588,263,fileUnit,Restricted - Partly,FOIA (b)(1) National Security,,,"46) NIE 11-14-75, 4 Sept 76, Warsaw Pact Forces Opposite NATO"
102260459,263,series,Restricted - Fully,FOIA (b)(1) National Security,,,Congressional Affairs Subject Files
7327057,263,fileUnit,Restricted - Possibly,FOIA (b)(1) National Security,,,"NIE 11-5-67, 25 May 67, Soviet Economic Problems and Prospects"
7553567,263,fileUnit,Restricted - Partly,FOIA (b)(1) National Security,,,"25) NIE 11-14-66, 3 Nov 66, Capabilities of Soviet General Purpose Forces"
7553699,263,fileUnit,Restricted - Partly,FOIA (b)(1) National Security,,,"NIE 11-13-73, 20 Sept 73, The Sino-Soviet Relationship: The Military Aspects"
7553700,263,fileUnit,Restricted - Partly,FOIA (b)(1) National Security,,,"IIR, Nov 74, Prospects for Soviet Success in Improving Detection of Submarines in Open Ocean Areas"
7553711,263,fileUnit,Restricted - Partly,FOIA (b)(1) National Security,,,"NIE 11-7-83, 14 Dec 83, Soviet Energy Prospects Into the 1990s"
102260460,263,series,Restricted - Fully,FOIA (b)(3) Statute; FOIA (b)(1) National Security,,,Congressional Liaison Files
7326858,263,fileUnit,Restricted - Possibly,FOIA (b)(1) National Security,,,"SE 15, 4 Oct 51, Possible Psychological Reactions to a US Air Offensive Against the USSR"
7326999,263,fileUnit,Restricted - Possibly,FOIA (b)(1) National Security,,,"NIE 11-9-73, 1 Jun 73, The Soviet Approach to Summit II"
7553565,263,fileUnit,Restricted - Partly,FOIA (b)(1) National Security,,,"23) NIE 11-11-66, 25 May 66, Impact of a Threshold Test Ban Treaty on Soviet Military Programs"
102260448,263,series,Restricted - Fully,FOIA (b)(1) National Security,,,"""Z"" Reports and ""Q"" Reports"
7553363,263,fileUnit,Restricted - Partly,FOIA (b)(1) National Security,,,"2) SE 34, 30 Dec 52, Consequences of an Attempt to Overthrow the Resent Regime in Albania"
7553543,263,fileUnit,Restricted - Partly,FOIA (b)(1) National Security,,,"1) NIE 11-57, 16 Jul 57, Sino-Soviet Bloc Air Defense Capabilities Through Mid-1962"
7579540,263,fileUnit,Restricted - Fully,FOIA (b)(1) National Security,,,"Letter to Dulles from Kirk re: Thanks for Sending an early Copy of the Craft of Intelligence, 11/4/63"
102260492,263,series,Restricted - Fully,FOIA (b)(1) National Security,,,Subject Files
7542481,263,fileUnit,Restricted - Partly,FOIA (b)(1) National Security,,,"73) NIE 11-15-82/D, Mar 83, Soviet Naval Strategy and Programs Through 1990s"
7553299,263,fileUnit,Restricted - Partly,FOIA (b)(1) National Security,,,"65) NIE 12-54, 24 Aug 54, Probable Developments in the European Satellites Through Mid-1956"
7553366,263,fileUnit,Restricted - Partly,FOIA (b)(1) National Security,,,"5) NIE 11-6-59, 21 Jul 59, Soviet Science and Technology"
7553704,263,fileUnit,Restricted - Partly,FOIA (b)(1) National Security,,,"SNIE 11-6-76, 10 Feb 76, Implications of the 1975 Soviet Harvest"
7326944,263,fileUnit,Restricted - Possibly,FOIA (b)(1) National Security,,,"SNIE 11-3-58, 11 Feb 58, Soviet Reactions to Possible United States Actions on Antarctica"
7327273,263,fileUnit,Restricted - Possibly,FOIA (b)(1) National Security,,,"SNIE 11-16-85/L, Mar 85, Soviet Strategic and Political Objectives in Arms Control in 1985"
7542408,263,fileUnit,Restricted - Partly,FOIA (b)(1) National Security,,,"52) NICM 83-10006, Apr 83, Dimensions of Civil Unrest in the Soviet Union"
7553434,263,fileUnit,Restricted - Partly,FOIA (b)(1) National Security,,,"19) NIE 11-1-62, 5 Dec 62, The Soviet Space Program"
7553725,263,fileUnit,Restricted - Partly,FOIA (b)(1) National Security,,,"NI IIM 86-10003, Mar 86, Soviet Economic Aid to Sub-Saharan Africa: Politics in Command"
7579618,263,fileUnit,Restricted - Fully,FOIA (b)(1) National Security,,,"Letter to Mr. Clarendon from Mrs. Clavero re: Fulbright Fellowship for her Daughter, 8/22/62"
1374942,263,fileUnit,Restricted - Partly,,,,"Zappel, Josef"
7542503,263,fileUnit,Restricted - Partly,FOIA (b)(1) National Security,,,"20) NIE 11-12-65, 22 Sept 65, Reactions to Certain US Ballistic Missile Defense Programs"
7542279,263,fileUnit,Restricted - Partly,FOIA (b)(1) National Security,,,"104) NIE 100-4-58, 15 Apr 58, Probable Sino-Soviet Reactions to US Deployment of IRBMs on the Soviet Bloc Periphery"
7542659,263,fileUnit,Restricted - Partly,FOIA (b)(1) National Security,,,"NIE 11-18-85, Nov 85, Domestic Stresses on the Soviet System"
7553397,263,fileUnit,Restricted - Partly,FOIA (b)(1) National Security,,,"36) NIE 11-5-75, 9 Oct 75, The Soviet Assessment of the US"
7553400,263,fileUnit,Restricted - Partly,FOIA (b)(1) National Security,,,"39) NIE 15-79, 25 Sept 79, Prospects for Post-Tito Yugoslavia"
7553503,263,fileUnit,Restricted - Partly,FOIA (b)(1) National Security,,,"36) Memo to Holders of NIE 11-8-64, 10 May 65, Soviet Capabilities for Strategic Attack"
5956124,263,series,Restricted - Fully,Other,,,PBSUCCESS Maps and Reconnaissance Charts
7553451,263,fileUnit,Restricted - Partly,FOIA (b)(1) National Security,,,"36) SNIE 58-68, 21 Mar 68, Communist Intentions in Laos"
7553502,263,fileUnit,Restricted - Partly,FOIA (b)(1) National Security,,,"35) NIE 11-4-65, 14 Apr 65, Main Trends in Soviet Military Policy"
7553549,263,fileUnit,Restricted - Partly,FOIA (b)(1) National Security,,,"7) SNIE 100-6-60, 9 Aug 60, Probable Reactions to US Reconnaissance Satellite Programs"
7542187,263,fileUnit,Restricted - Partly,FOIA (b)(1) National Security,,,"12) SE 7, 15 Jun 51, Probable Soviet Reaction to the Inclusion of Greece and Turkey in Western Defense Agreements"
7542516,263,fileUnit,Restricted - Partly,FOIA (b)(1) National Security,,,"33) SNIE 11-12-68, 15 Aug 68, Emplacement of Weapons of Mass Destruction on the Seabed"
7542624,263,fileUnit,Restricted - Partly,FOIA (b)(1) National Security,,,"NIC 4604-83, 1 Jul 83, Prospects for Soviet Arms Deliveries to Argentina"
7553383,263,fileUnit,Restricted - Partly,FOIA (b)(1) National Security,,,"22) NIE 11-6-70, 5 Mar 70, Soviet Policies in the Middle East and Mediterranean Area"
7542432,263,fileUnit,Restricted - Partly,FOIA (b)(1) National Security,,,"24) NIE 11-8/1-61, 21 Sept 61, Strength and Deployment of Soviet Long Range Ballistic Missile Forces"
7542596,263,fileUnit,Restricted - Partly,FOIA (b)(1) National Security,,,"54) NIE 11-1-83JX, 19 Jul 83, The Soviet Space Program"
7553597,263,fileUnit,Restricted - Partly,FOIA (b)(1) National Security,,,"55) NICM 83-10015, Aug 83, The Strategic Weapons Spiral: Soviet Reactions to US Initiatives?"
102260476,263,series,Restricted - Fully,FOIA (b)(1) National Security,,,Office Subject Files
7327074,263,fileUnit,Restricted - Possibly,FOIA (b)(1) National Security,,,"NICM 82-10002, Mar 82, The Soviet Bloc Hard Currency Problems and the Impact of Western Credit Restrictions"
7327147,263,fileUnit,Restricted - Possibly,FOIA (b)(1) National Security,,,"NIE 11-3/8-79, 17 Mar 80, Soviet Capabilities for Strategic Nuclear Conflict Through the 1980s"
7327275,263,fileUnit,Restricted - Possibly,FOIA (b)(1) National Security,,,"NIE 11-16-83X, 8 Mar 83, The Soviet Approach to Arms Control: Implications for START and INF"
7553413,263,fileUnit,Restricted - Partly,FOIA (b)(1) National Security,,,"52) NIE 11-3/8-82, 15 Feb 83, Soviet Capabilities for Strategic Nuclear Conflict, 1982-92"
7553437,263,fileUnit,Restricted - Partly,FOIA (b)(1) National Security,,,"22) NIE 11-5-63, 20 Mar 63, Soviet Economic Problems"
7553540,263,fileUnit,Restricted - Partly,FOIA (b)(1) National Security,,,"73) NIE 11-15-82/D, Mar 83, Soviet Naval Strategy and Programs Through 1990s"
7327227,263,fileUnit,Restricted - Possibly,FOIA (b)(1) National Security,,,"NIE 11-10-63, 27 Dec 63, Soviet Capabilities and Intentions with Respect to Chemical Warfare"
7542658,263,fileUnit,Restricted - Partly,FOIA (b)(1) National Security,,,"SNIE 83.3-3-85, Mar 85, Nicaragua: Soviet Bloc and Radical Support for the Sandinista Regime"
7553259,263,fileUnit,Restricted - Partly,FOIA (b)(1) National Security,,,"25) NIE 29/2, 4 Jan 52, Probable Developments in Yugoslavia and the Likelihood of Attack Upon Yugoslavia Through 1952"
7553340,263,fileUnit,Restricted - Partly,FOIA (b)(1) National Security,,,"106) SNIE 100-7-58, 22 Jul 58, Sino-Soviet and Free World Reactions to US Use of Nuclear Weapons in Limited Wars in the Far East"
7553473,263,fileUnit,Restricted - Partly,FOIA (b)(1) National Security,,,"6) SNIE 11-8-57, 18 Sept 57, Evaluation of Evidence Concerning Soviet ICBM Flight Tests"
472494210,263,series,Restricted - Partly,John F. Kennedy Assassination Records Collection Act,1963,1975,Office of Security Files Regarding Lee Harvey Oswald and the Assassination of President John F. Kennedy
7326965,263,fileUnit,Restricted - Possibly,FOIA (b)(1) National Security,,,"SNIE 2-3-61, 18 Jul 61, Probable Soviet Reaction to a Western Embargo"
7327116,263,fileUnit,Restricted - Possibly,FOIA (b)(1) National Security,,,"Memo to Holders of NIE 11-8-64, 10 May 65, Soviet Capabilities for Strategic Attack"
7327209,263,fileUnit,Restricted - Possibly,FOIA (b)(1) National Security,,,"NIE 11-14-81, 7 Jul 81, Warsaw Pact Forces Opposite NATO"
7327293,263,fileUnit,Restricted - Possibly,FOIA (b)(1) National Security,,,"NIE 11-14/40-81S, 1 Sept 81, Soviet Military Forces in the Far East"
7542472,263,fileUnit,Restricted - Partly,FOIA (b)(1) National Security,,,"64) NIE 11-4-78, 9 May 78, Soviet Goals and Expectations in the Global Power Arena"
7579529,263,fileUnit,Restricted - Fully,FOIA (b)(1) National Security,,,"Memo of Conversations re: Proposal to Restore Peace and Order in Cuba, 11/22/58"
7579585,263,fileUnit,Restricted - Fully,FOIA (b)(1) National Security,,,"MFR re: Contact Report, 8/27/59"
5956129,263,series,Restricted - Fully,Other,,,Lincoln Station Research Files
7326906,263,fileUnit,Restricted - Possibly,FOIA (b)(1) National Security,,,"NIE 12-54, 24 Aug 54, Probable Developments in the European Satellites Through Mid-1956"
7326958,263,fileUnit,Restricted - Possibly,FOIA (b)(1) National Security,,,"NIE 12-59, 11 Aug 59, Political Stability in the European Satellites"
7327001,263,fileUnit,Restricted - Possibly,FOIA (b)(1) National Security,,,"NIE 15-73, 5 Jul 73, Yugoslavia After Tito"
7327130,263,fileUnit,Restricted - Possibly,FOIA (b)(1) National Security,,,"NIE 11-3-71, 25 Feb 71, Soviet Strategic Defenses"
7542562,263,fileUnit,Restricted - Partly,FOIA (b)(1) National Security,,,"20) Memo to Holders of NIE 11-1-69, The Soviet Space Program"
7553282,263,fileUnit,Restricted - Partly,FOIA (b)(1) National Security,,,"48) SE 46, 8 Jul 53, Probable Long Term Development of the Soviet Bloc and Western Power Positions"
7553409,263,fileUnit,Restricted - Partly,FOIA (b)(1) National Security,,,"48) SNIE 12.6-82, 1 Sept 82, Poland's Prospects Over the Next 12 to 18 Months"
7579528,263,fileUnit,Restricted - Fully,FOIA (b)(1) National Security,,,"Memo to State Department from Amembassy Habana re: Persons Claiming to Have Knowledge, 11/25/58"
7553241,263,fileUnit,Restricted - Partly,FOIA (b)(1) National Security,,,"7) NIE 4, 1 Feb 51, Soviet Courses of Action with Respect to Germany"
7553380,263,fileUnit,Restricted - Partly,FOIA (b)(1) National Security,,,"19) NIE 11-15-66, 4 Aug 66, Reliability of the USSR's East European Allies"
7553446,263,fileUnit,Restricted - Partly,FOIA (b)(1) National Security,,,"31) SNIE 11-11-67, 4 May 67, Soviet Attitudes and Intentions Toward the Vietnam War"
7553666,263,fileUnit,Restricted - Partly,FOIA (b)(1) National Security,,,"NIE 11-67, 1 Jun 67, Soviet Military Research and Development"
7553326,263,fileUnit,Restricted - Partly,FOIA (b)(1) National Security,,,"92) SNIE 11-9-56, 6 Nov 56, Sino-Soviet Intentions in the Suez Crisis"
7579593,263,fileUnit,Restricted - Fully,FOIA (b)(1) National Security,,,"Letter to Dulles from L. Nichols with Attached Letter to Ralph Day, All re: True Magazine Article, 9/22/59"
7327121,263,fileUnit,Restricted - Possibly,FOIA (b)(1) National Security,,,"NIE 11-3-66, 17 Nov 66, Soviet Strategic Air and Missile Defenses"
7327316,263,fileUnit,Restricted - Possibly,FOIA (b)(1) National Security,,,"NIE 11-13-73, 20 Sept 73, The Sino-Soviet Relationship: The Military Aspects"
7542557,263,fileUnit,Restricted - Partly,FOIA (b)(1) National Security,,,"15) NIE 11-1-67, 2 Mar 67, The Soviet Space Program"
7542673,263,fileUnit,Restricted - Partly,FOIA (b)(1) National Security,,,"SNIE 11-20-84JXW, Jan 87, Soviet Submarine Warfare Trends"
7542676,263,fileUnit,Restricted - Partly,FOIA (b)(1) National Security,,,"NI IIM 87-10006, Jun 87, Soviet Military Production, 1975-86"
7553279,263,fileUnit,Restricted - Partly,FOIA (b)(1) National Security,,,"45) NIE 81, 22 May 53, Probable Soviet Courses of Action with Respect to Germany, Through Mid-1954"
7553493,263,fileUnit,Restricted - Partly,FOIA (b)(1) National Security,,,"26) SNIE 11-14-61, The Soviet Strategic Military Posture, 1961-1967"
7326898,263,fileUnit,Restricted - Possibly,FOIA (b)(1) National Security,,,"NIE 11-3A-54, 16 Feb 54, The Soviet Atomic Energy Program to Mid-1957"
7326929,263,fileUnit,Restricted - Possibly,FOIA (b)(1) National Security,,,"SNIE 100-4-56, 10 Apr 56, Possibility of Chinese Communist Military Action Against Certain Offshore Islands"
7327047,263,fileUnit,Restricted - Possibly,FOIA (b)(1) National Security,,,"NIE 11-5-63, 20 Mar 63, Soviet Economic Problems"
7327232,263,fileUnit,Restricted - Possibly,FOIA (b)(1) National Security,,,"NIE 11-1-67, 2 Mar 67, The Soviet Space Program"
7542303,263,fileUnit,Restricted - Partly,FOIA (b)(1) National Security,,,"1) NIE 29, 20 Mar 51, Probability of an Invasion of Yugoslavia in 1951"
7542373,263,fileUnit,Restricted - Partly,FOIA (b)(1) National Security,,,"17) SNIE 11-13-62, 13 Jun 62, Soviet Intentions with Respect to Berlin"
7542619,263,fileUnit,Restricted - Partly,FOIA (b)(1) National Security,,,"NI IIM 81-10024JX(S), Nov 81, Soviet Intentions and Capabilities for Interdicting Sea Lines of Communication in a War with NATO"
7553610,263,fileUnit,Restricted - Partly,FOIA (b)(1) National Security,,,"9) NIE 11-1-62, 5 Dec 62, The Soviet Space Program"
7579465,263,fileUnit,Restricted - Fully,FOIA (b)(1) National Security,,,"Information on Public Service Aid Society, 11/14/62"
7579563,263,fileUnit,Restricted - Fully,FOIA (b)(1) National Security,,,"Memo from C.P. Cabell re: IG's Survey of the Cuban Operation, 12/15/61"
7542258,263,fileUnit,Restricted - Partly,FOIA (b)(1) National Security,,,"83) NIE 11-13-55, 4 Oct 55, Soviet Foreign Policy in the Light of the Summit Conference"
5956117,263,series,Restricted - Fully,Other,,,Headquarters PBSUCCESS Numerical Files
7326845,263,fileUnit,Restricted - Possibly,FOIA (b)(1) National Security,,,"NIE 17, 27 Dec 50, Probable Soviet Reactions to a Remilitarization of Western Germany"
7326881,263,fileUnit,Restricted - Possibly,FOIA (b)(1) National Security,,,"SE 40, 13 Apr 53, Communist Reactions to US Establishment of a Volunteer Freedom Corps"
7326916,263,fileUnit,Restricted - Possibly,FOIA (b)(1) National Security,,,"NIE 10-55, 12 Apr 55, Anti-Communist Resistance Potential in the Sino-Soviet Bloc"
7326961,263,fileUnit,Restricted - Possibly,FOIA (b)(1) National Security,,,"SNIE 100-5-60, 22 Mar 60, The Soviet Attitude and Tactics on the Berlin Problem"
7579648,263,fileUnit,Restricted - Fully,FOIA (b)(1) National Security,,,Chronology of True Magazine Article
7579652,263,fileUnit,Restricted - Fully,FOIA (b)(1) National Security,,,"Inscription on ""Masters of Deceit"" Page to Kirk from Hoover, 3/6/59"
7327028,263,fileUnit,Restricted - Possibly,FOIA (b)(1) National Security,,,"NIE 100-3-60, 9 Aug 60, Sino-Soviet Relations"
7542484,263,fileUnit,Restricted - Partly,FOIA (b)(1) National Security,,,"1) NIE 11-57, 16 Jul 57, Sino-Soviet Bloc Air Defense Capabilities Through Mid-1962"
7579541,263,fileUnit,Restricted - Fully,FOIA (b)(1) National Security,,,"Letter to Dulles from Kirk re: Appreciate Willingness to Participate in Midcareer Course, 9/23/63"
7327153,263,fileUnit,Restricted - Possibly,FOIA (b)(1) National Security,,,"NIE 11-15-82/D, Mar 83, Soviet Naval Strategy and Programs Through 1990s"
7553266,263,fileUnit,Restricted - Partly,FOIA (b)(1) National Security,,,"32) NIE 58, 10 Sept 52, Relations Between the Chinese Communist Regime and the USSR"
7326902,263,fileUnit,Restricted - Possibly,FOIA (b)(1) National Security,,,"NIE 100-3-54, 23 Mar 54, Consequences of a Relaxation of Non-Communist Controls on Trade with the Soviet Bloc"
7542360,263,fileUnit,Restricted - Partly,FOIA (b)(1) National Security,,,"4) SNIE 11-9-61, 25 Apr 61, The Possibility of Soviet Nuclear Testing During the Moratorium"
7542428,263,fileUnit,Restricted - Partly,FOIA (b)(1) National Security,,,"20) NIE 11-4-60, 1 Dec 60, Main Trends in Soviet Capabilities and Policies, 1960-1965"
7553335,263,fileUnit,Restricted - Partly,FOIA (b)(1) National Security,,,"101) NIE 12-58, 4 Feb 58, Outlook for Stability in the Eastern European Satellites"
7553652,263,fileUnit,Restricted - Partly,FOIA (b)(1) National Security,,,"51) NIE 11-3/8-84/85, 25 Apr 85, Soviet Capabilities for Strategic Nuclear Conflict Through the Mid-1990s"
7542404,263,fileUnit,Restricted - Partly,FOIA (b)(1) National Security,,,"48) NICM 82-10002, Mar 82, The Soviet Bloc Hard Currency Problems and the Impact of Western Credit Restrictions"
7542669,263,fileUnit,Restricted - Partly,FOIA (b)(1) National Security,,,"IIA 86-10004, 3 Sept 86, Soviet Strategic Forces in the 1990s in a No-SALT Environment"
7553292,263,fileUnit,Restricted - Partly,FOIA (b)(1) National Security,,,"58) SNIE 11-2-54, 24 Feb 54, Soviet Capabilities for Attack on the US Through 1957"
7553402,263,fileUnit,Restricted - Partly,FOIA (b)(1) National Security,,,"41) NIE 11/13-80, 5 Jun 80, Sino-Soviet Relations in the Early 1980's"
7553449,263,fileUnit,Restricted - Partly,FOIA (b)(1) National Security,,,"34) NIE 11-7-67, 28 Sept 67, Soviet Foreign Policy"
7327008,263,fileUnit,Restricted - Possibly,FOIA (b)(1) National Security,,,"NIE 11-10-76, 21 Oct 76, Soviet Military Policy in the Third World"
7542229,263,fileUnit,Restricted - Partly,FOIA (b)(1) National Security,,,"54) NIE 28.5-54, 8 Jan 54, Current Situation and Probable Developments in Finland During 1954"
7542600,263,fileUnit,Restricted - Partly,FOIA (b)(1) National Security,,,"58) NI IIA 84-10006, Dec 84, The Soviet Approach to Nuclear Winter"
7553428,263,fileUnit,Restricted - Partly,FOIA (b)(1) National Security,,,"13) NIE 11-5-62, 21 Feb 62, Political Developments in the USSR and the Communist World"
7553623,263,fileUnit,Restricted - Partly,FOIA (b)(1) National Security,,,"22) NIE 11-8-70, 24 Nov 70, Soviet Forces for Intercontinental Attack, Annex I"
7553624,263,fileUnit,Restricted - Partly,FOIA (b)(1) National Security,,,"23) NIE 11-1-71, 1 Jul 71, The Soviet Space Program"
7553734,263,fileUnit,Restricted - Partly,FOIA (b)(1) National Security,,,"NI IIM 87-10006, Jun 87, Soviet Military Production, 1975-86"
7579516,263,fileUnit,Restricted - Fully,FOIA (b)(1) National Security,,,"Memo to DCI from Kirk re: FBI Action in Regard to the IG, 11/16/59"
633695,263,series,Restricted - Partly,FOIA (b)(1) National Security,1956,1965,Index to U-2 Mission Plot Slides
7326903,263,fileUnit,Restricted - Possibly,FOIA (b)(1) National Security,,,"NIE 11-5-54, 7 Jun 54, Soviet Capabilities and Main Lines of Policy Through Mid-1959"
7327187,263,fileUnit,Restricted - Possibly,FOIA (b)(1) National Security,,,"NIE 11-14-67, 9 May 68, Soviet and East European General Purpose Forces"
7327235,263,fileUnit,Restricted - Possibly,FOIA (b)(1) National Security,,,"NIE 11-11-69, 13 Feb 69, Soviet Chemical and Biological Warfare Capabilities"
7542385,263,fileUnit,Restricted - Partly,FOIA (b)(1) National Security,,,"29) NIE 10-2-64, 10 Jun 64, prospects for the International Communist Movement"
7542540,263,fileUnit,Restricted - Partly,FOIA (b)(1) National Security,,,"57) SNIE 11-10-84/JX, 18 May 84, Implications of Recent Soviet Military Political Activities"
7579625,263,fileUnit,Restricted - Fully,FOIA (b)(1) National Security,,,"Letter to Mr. Clarendon from Kirk re: Latest Development on Miss Clavero, 4/4/63"
7579634,263,fileUnit,Restricted - Fully,FOIA (b)(1) National Security,,,"MFR re: Relations with the FBI, 4/27/53"
25777718,263,series,Restricted - Partly,FOIA (b)(1) National Security; FOIA (b)(3) Statute,1962,1992,"Documents Drawn Together by the History Staff for the Conference Held on the 30th Anniversary of the Cuban Missile Crisis, October 10, 1992"
7327113,263,fileUnit,Restricted - Possibly,FOIA (b)(1) National Security,,,"NIE 11-8-64, 8 Oct 64, Soviet Capabilities for Strategic Attack"
7542302,263,fileUnit,Restricted - Partly,FOIA (b)(1) National Security,,,"127) SNIE 2-6-61, 19 Oct 61, Probable Soviet and Other Reactions to Certain US Military Measures in the Berlin Crisis"
7542344,263,fileUnit,Restricted - Partly,FOIA (b)(1) National Security,,,"42) SNIE 11-34/36.2-80, 24 Dec 80, Soviet Interests, Policies, and Prospects with Respect to the Iran-Iraq War"
7542508,263,fileUnit,Restricted - Partly,FOIA (b)(1) National Security,,,"25) NIE 11-14-66, 3 Nov 66, Capabilities of Soviet General Purpose Forces"
7553669,263,fileUnit,Restricted - Partly,FOIA (b)(1) National Security,,,"NIE 11-12-72, 19 Sept 72, Soviet Military Research and Development"
7553692,263,fileUnit,Restricted - Partly,FOIA (b)(1) National Security,,,"NIE 11/40-84, 25 Sept 84, Soviet Policy in East Asia"
7579480,263,fileUnit,Restricted - Fully,FOIA (b)(1) National Security,,,"Letter to C. Mundt from Kirk re: Most Recent Development in Efforts to Find Gainful Work for an Individual, 6/20/60"
7579506,263,fileUnit,Restricted - Fully,FOIA (b)(1) National Security,,,"Letter to Miss Meade, 7/3/64"
7579517,263,fileUnit,Restricted - Fully,FOIA (b)(1) National Security,,,"Memo to Dulles from Kirk re: Concern Over Turn of Events Affection, Responsibilities, and Reputation; 3/7/59"
7327030,263,fileUnit,Restricted - Possibly,FOIA (b)(1) National Security,,,"NIE 15-61, 23 May 61, Outlook for Yugoslavia"
7327097,263,fileUnit,Restricted - Possibly,FOIA (b)(1) National Security,,,"NIE 11-5-60, Soviet Capabilities in Guided Missiles and Space Vehicles"
7542182,263,fileUnit,Restricted - Partly,FOIA (b)(1) National Security,,,"7) NIE 4, 1 Feb 51, Soviet Courses of Action with Respect to Germany"
7542235,263,fileUnit,Restricted - Partly,FOIA (b)(1) National Security,,,"60) NIE 10-2-54, 15 Mar 54, Communist Courses of Action in Asia Through Mid-1955"
7542277,263,fileUnit,Restricted - Partly,FOIA (b)(1) National Security,,,"102) SNIE 11-3-58, 11 Feb 58, Soviet Reactions to Possible United States Actions on Antarctica"
7542605,263,fileUnit,Restricted - Partly,FOIA (b)(1) National Security,,,"NIE 11-6-66, 27 Jan 66, Anti-Communist Resistance Potential in the USSR and Eastern Europe"
7542643,263,fileUnit,Restricted - Partly,FOIA (b)(1) National Security,,,"NIO IIM 76-004C, 24 Jan 76, Soviet and Cuban Aid to the MPLA in Angola from March Through December 1975"
7553472,263,fileUnit,Restricted - Partly,FOIA (b)(1) National Security,,,"5) NIE 11-3-57, 18 Jun 57, Probable Intelligence Warning of Soviet Attack on the US"
7553476,263,fileUnit,Restricted - Partly,FOIA (b)(1) National Security,,,"9) SNIE 11-10-57, 10 Dec 57, The Soviet ICBM Program"
7579569,263,fileUnit,Restricted - Fully,FOIA (b)(1) National Security,,,"Memo to DCI from Kirk re: Discussion of the Cuban Operation with DD/P Personnel, 4/24/61"
7579577,263,fileUnit,Restricted - Fully,FOIA (b)(1) National Security,,,"Envelope Addressed to Kirk from Mr. Clarendon, 6/13/61"
7326879,263,fileUnit,Restricted - Possibly,FOIA (b)(1) National Security,,,"NIE 80, 3 Apr 53, Communist Capabilities and Probable Courses of Action in Korea"
7542489,263,fileUnit,Restricted - Partly,FOIA (b)(1) National Security,,,"6) NIE 11-6-60, 3 May 60, Strength of the Armed Forces of the USSR"
7579509,263,fileUnit,Restricted - Fully,FOIA (b)(1) National Security,,,"Letter to M. Lazo from Kirk re: Personal Business in Guatemala, 1/22/65"
7326892,263,fileUnit,Restricted - Possibly,FOIA (b)(1) National Security,,,"NIE 95, 25 Sept 53, Probable Soviet Bloc Courses of Action Through Mid-1955"
7542230,263,fileUnit,Restricted - Partly,FOIA (b)(1) National Security,,,"55) NIE 12.4-54, 22 Jan 54, Probable Developments in East Germany Through 1955"
7542396,263,fileUnit,Restricted - Partly,FOIA (b)(1) National Security,,,"40) NIE 11-10-69, 12 Jun 69, Trends and prospects in Soviet Maritime Activities"
7542430,263,fileUnit,Restricted - Partly,FOIA (b)(1) National Security,,,"22) NIE 11-8-61, 7 Jun 61, Soviet Capabilities for Long Range Attack"
7553507,263,fileUnit,Restricted - Partly,FOIA (b)(1) National Security,,,40) Memo for the President re: NIE 11-8-66 Soviet Capabilities for Strategic Attack
102260473,263,series,Restricted - Fully,FOIA (b)(1) National Security,,,Legislation Comment Files
7327193,263,fileUnit,Restricted - Possibly,FOIA (b)(1) National Security,,,"NIE 11-14-68, 12 Dec 68, Soviet and East European General Purpose Forces"
7327302,263,fileUnit,Restricted - Possibly,FOIA (b)(1) National Security,,,"NIE 11-12-83, 14 Dec 83, Prospects for Soviet Military Technology and Research and Development"
7553406,263,fileUnit,Restricted - Partly,FOIA (b)(1) National Security,,,"45) SNIE 11/32-81, 12 Aug 81, The Soviet Threat to Pakistan"
7553466,263,fileUnit,Restricted - Partly,FOIA (b)(1) National Security,,,"51) NICM 82-10007, May 82, Prospects for Sino-soviet Rapprochement"
7553627,263,fileUnit,Restricted - Partly,FOIA (b)(1) National Security,,,"26) NIE 11/20-73, 11 Jan 73, The Soviet Approach to Force Reductions in Europe"
7553662,263,fileUnit,Restricted - Partly,FOIA (b)(1) National Security,,,"NIE 11-2-61, 5 Oct 61, The Soviet Atomic Energy Program"
1183056,263,series,Restricted - Partly,FOIA (b)(1) National Security,,,National Intelligence Surveys
7327013,263,fileUnit,Restricted - Possibly,FOIA (b)(1) National Security,,,"SNIE 11-34/36.2-80, 24 Dec 80, Soviet Interests, Policies, and Prospects with Respect to the Iran-Iraq War"
7542614,263,fileUnit,Restricted - Partly,FOIA (b)(1) National Security,,,"NI IIM 78-10024, 14 Nov 78, Sino-Soviet Competition in Indochina"
7553709,263,fileUnit,Restricted - Partly,FOIA (b)(1) National Security,,,"NI IIM 82-10003, 7 Apr 82, Moscow and the Namibia Peace Process"
5956134,263,series,Restricted - Fully,Other,,,Lincoln Station Air Operations Files
7326934,263,fileUnit,Restricted - Possibly,FOIA (b)(1) National Security,,,"SNIE 12-3-56, 27 Nov 56, Probable Developments in Soviet-Satellite Relations"
7327161,263,fileUnit,Restricted - Possibly,FOIA (b)(1) National Security,,,"NIE 11-6-60, 3 May 60, Strength of the Armed Forces of the USSR"
7327276,263,fileUnit,Restricted - Possibly,FOIA (b)(1) National Security,,,"NI IIA  84-10006, Dec 84, The Soviet Approach to Nuclear Winter"
7542537,263,fileUnit,Restricted - Partly,FOIA (b)(1) National Security,,,"54) NIE 11-13-82, 13 Oct 82, Soviet Ballistic Missile Defense"
7327078,263,fileUnit,Restricted - Possibly,FOIA (b)(1) National Security,,,"NICM  83-10006, Apr 83, Dimensions of Civil Unrest in the Soviet Union"
7542232,263,fileUnit,Restricted - Partly,FOIA (b)(1) National Security,,,"57) NIE 11-3A-54, 16 Feb 54, The Soviet Atomic Energy Program to Mid-1957"
7542541,263,fileUnit,Restricted - Partly,FOIA (b)(1) National Security,,,"58) NIE 11/20-6-84, 25 Oct 84, Warsaw Pact Nonnuclear Threat to NATO Airbases in Central Europe"
7542616,263,fileUnit,Restricted - Partly,FOIA (b)(1) National Security,,,"NIE 11-12-80, 31 Jul 80, Prospects for Soviet Military Technology and R&D (Research and Development)"
7553457,263,fileUnit,Restricted - Partly,FOIA (b)(1) National Security,,,"42) NIE 20-1-69, 4 Dec 69, Europe, the US and the USSR"
1374508,263,fileUnit,Restricted - Partly,,,,"Klymkiw, Wladimir"
7327101,263,fileUnit,Restricted - Possibly,FOIA (b)(1) National Security,,,"NIE 11-8-61-Annex C, 7 Jun 61, Soviet Capabilities for Long Range Attack"
7327214,263,fileUnit,Restricted - Possibly,FOIA (b)(1) National Security,,,"SNIE 11-10-84/JX, 18 May 84, Implications of Recent Soviet Military Political Activities"
7553352,263,fileUnit,Restricted - Partly,FOIA (b)(1) National Security,,,"118) SNIE 11-9A-59, 8 Sept 59, Probable Soviet Position on Nuclear Weapons Testing"
7553612,263,fileUnit,Restricted - Partly,FOIA (b)(1) National Security,,,"11) NIE 11-6-64, 26 Aug 64, Soviet Capabilities and Intentions with Respect to Biological Warfare"
7553728,263,fileUnit,Restricted - Partly,FOIA (b)(1) National Security,,,"NIE 11-3/8-87W, Jul 87, Soviet Forces and Capabilities for Strategic Nuclear Conflict Through the Late 1990s"
7579630,263,fileUnit,Restricted - Fully,FOIA (b)(1) National Security,,,"MFR re: Lunch with Hoover, Ladd, DeLoach, Smith, Dulles, Wyman, and Kirk; 11/7/51"
7553584,263,fileUnit,Restricted - Partly,FOIA (b)(1) National Security,,,"42) NIE 11-10-71, 15 Dec 71, The Uses of Soviet Military Power in Distant Areas"
7553589,263,fileUnit,Restricted - Partly,FOIA (b)(1) National Security,,,"47) NIE 4-1-78, 10 Apr 78, Warsaw Pact Concepts and Capabilities for Going to War in Europe: Implications for NATO Warning of War"
7327348,263,fileUnit,Restricted - Possibly,FOIA (b)(1) National Security,,,"NIE 11-12-87/I, Jul 87, Management and Development of Soviet Military Technology"
7542246,263,fileUnit,Restricted - Partly,FOIA (b)(1) National Security,,,"71) SNIE 100-3-55, 25 Jan 55, Communist Reactions to Certain Possible US Courses of Action with Respect to the Islands Off the Coast of China"
7542313,263,fileUnit,Restricted - Partly,FOIA (b)(1) National Security,,,"11) SNIE 10-4-65, 19 Mar 65, Probable Communist Reactions to Deployment of an ROK Combat Division for Base Security Duty in South Vietnam"
7553410,263,fileUnit,Restricted - Partly,FOIA (b)(1) National Security,,,"49) SNIE 3-11/2-82, 21 Sept 82, The Soviet Gas Pipeline in Perspective"
7327120,263,fileUnit,Restricted - Possibly,FOIA (b)(1) National Security,,,Memo for the President re: NIE 11-8-66 Soviet Capabilities for Strategic Attack
7553710,263,fileUnit,Restricted - Partly,FOIA (b)(1) National Security,,,"NIE 11-7-83, 14 Dec 83, Soviet Energy Prospects Into the 1990s"
7579537,263,fileUnit,Restricted - Fully,FOIA (b)(1) National Security,,,"Letter to Kirk from Dulles re: Letter Sent by B. Waterbury, 5/7/64"
7579538,263,fileUnit,Restricted - Fully,FOIA (b)(1) National Security,,,"Letter to Dulles from Kirk re: Letter from B. Waterbury, 5/12/64"
7327023,263,fileUnit,Restricted - Possibly,FOIA (b)(1) National Security,,,"NIE 11-3/8-82, 15 Feb 83, Soviet Capabilities for Strategic Nuclear Conflict, 1982-92"
7542423,263,fileUnit,Restricted - Partly,FOIA (b)(1) National Security,,,"15) NIE 11-5-59, 3 Nov 59, Soviet Capabilities in Guided Missiles and Space Vehicles"
1374281,263,fileUnit,Restricted - Partly,,,,"Djujic, Momcilo"
7542248,263,fileUnit,Restricted - Partly,FOIA (b)(1) National Security,,,"73) NIE 11-55, 1 Mar 55, Probable Soviet Response to the Ratification of the Paris Agreements"
7542604,263,fileUnit,Restricted - Partly,FOIA (b)(1) National Security,,,"NIE 11-13/1-62, 1 Aug 62, Soviet Intentions with Respect to Berlin"
7553411,263,fileUnit,Restricted - Partly,FOIA (b)(1) National Security,,,"50) SNIE 15-83, 31 Jan 83, Yugoslavia: An Approaching Crisis?"
7579638,263,fileUnit,Restricted - Fully,FOIA (b)(1) National Security,,,"Transmittal Slip, Letter, and Draft Article for True Magazine, 9/18/58"
1374627,263,fileUnit,Restricted - Partly,,,,"Midzins, Valdemars"
7542477,263,fileUnit,Restricted - Partly,FOIA (b)(1) National Security,,,"69) Memo to Holders of NIE 11-4-78, Soviet Goals and Expectations in the Global Power Arena"
7542506,263,fileUnit,Restricted - Partly,FOIA (b)(1) National Security,,,"23) NIE 11-11-66, 25 May 66, Impact of a Threshold Test Ban Treaty on Soviet Military Programs"
7542648,263,fileUnit,Restricted - Partly,FOIA (b)(1) National Security,,,"NI IIM 77-011, Apr 77, The Emerging Role of the Soviet Merchant Fleet in World Shipping"
7542677,263,fileUnit,Restricted - Partly,FOIA (b)(1) National Security,,,"NI IIA 87-10006JX, Mar 87, Soviet Short-Range Ballistic Missiles and the Impact of a Ban on Long-Range INF Missiles"
7553433,263,fileUnit,Restricted - Partly,FOIA (b)(1) National Security,,,"18) SNIE 11-16-62, 13 Sept 62, Current Soviet Tactics on Berlin"
7542183,263,fileUnit,Restricted - Partly,FOIA (b)(1) National Security,,,"8) NIE 22, 19 Feb 51, Vulnerability of the Soviet Bloc to Economic Warfare"
7553554,263,fileUnit,Restricted - Partly,FOIA (b)(1) National Security,,,"12) NIE 11-14-62, 5 Dec 62, Capabilities of the Soviet Theater Forces"
7579491,263,fileUnit,Restricted - Fully,FOIA (b)(1) National Security,,,"Memo to Chief, WH Division re: Luis Sanjanis, 8/12/60"
1374165,263,fileUnit,Restricted - Partly,FOIA (b)(1) National Security,,,"Arajs, Viktors"
7326910,263,fileUnit,Restricted - Possibly,FOIA (b)(1) National Security,,,"NIE 11-6-54, 5 Oct 54, Soviet Capabilities and probable Programs in the Guided Missile Field"
7327062,263,fileUnit,Restricted - Possibly,FOIA (b)(1) National Security,,,"NIE 10-68, 4 Oct 68, Communist Military Assistance Programs in Less Developed Areas"
7327131,263,fileUnit,Restricted - Possibly,FOIA (b)(1) National Security,,,"NIE 11-8-71, 21 Oct 71, Soviet Forces for Intercontinental Attack"
7327175,263,fileUnit,Restricted - Possibly,FOIA (b)(1) National Security,,,"NIE 11-3-64, 16 Dec 64, Soviet Air and Missile Defense Capabilities Through Mid-1970"
7542319,263,fileUnit,Restricted - Partly,FOIA (b)(1) National Security,,,"17) SNIE 10-12-65, 10 Dec 65, Probable Communist Reactions to a US Course of Action"
7542427,263,fileUnit,Restricted - Partly,FOIA (b)(1) National Security,,,"19) NIE 11-8-60, 1 Aug 60, Soviet Capabilities for Long Range Attack Through Mid-1965"
7542523,263,fileUnit,Restricted - Partly,FOIA (b)(1) National Security,,,"40) Memo to Holders of NIE 11-3-71, Soviet Strategic Defenses"
7553288,263,fileUnit,Restricted - Partly,FOIA (b)(1) National Security,,,"54) NIE 28.5-54, 8 Jan 54, Current Situation and Probable Developments in Finland During 1954"
7553560,263,fileUnit,Restricted - Partly,FOIA (b)(1) National Security,,,"18) NIE 11-3-64, 16 Dec 64, Soviet Air and Missile Defense Capabilities Through Mid-1970"
7553566,263,fileUnit,Restricted - Partly,FOIA (b)(1) National Security,,,"24) NIE 11-4-66, 16 Jun 66, Main Trends in Soviet Military Policy"
7326983,263,fileUnit,Restricted - Possibly,FOIA (b)(1) National Security,,,"NIE 11-65, 1 Jul 65, Soviet Politics After Khrushchev"
7327249,263,fileUnit,Restricted - Possibly,FOIA (b)(1) National Security,,,"NIO IIM  76-030J, Jun 76, Implications for US-Soviet Relations of Certain Soviet Activities"
7327290,263,fileUnit,Restricted - Possibly,FOIA (b)(1) National Security,,,"NI IIM 78-10024, 14 Nov 78, Sino-Soviet Competition in Indochina"
7327312,263,fileUnit,Restricted - Possibly,FOIA (b)(1) National Security,,,"SNIE 11-7/9-85/L, Aug 85, Soviet Reactions to Stealth"
102260469,263,series,Restricted - Fully,FOIA (b)(1) National Security; FOIA (b)(6) Personal Information,1952,1960,Intelligence Document Collection
7327170,263,fileUnit,Restricted - Possibly,FOIA (b)(1) National Security,,,"NIE 11-14-63, 8 Jan 64, Capabilities of the Soviet General Purpose Forces, 1963-1969"
7327254,263,fileUnit,Restricted - Possibly,FOIA (b)(1) National Security,,,"NIE 11-1-80, 6 Aug 80, Soviet Military Capabilities and Intentions in Space"
7553396,263,fileUnit,Restricted - Partly,FOIA (b)(1) National Security,,,"35) NIE 11/12-73, 7 May 74, Soviet and East European Attitudes Toward MBFR (Mutual and Balanced Force Reductions)"
7553438,263,fileUnit,Restricted - Partly,FOIA (b)(1) National Security,,,"23) NIE 11-6-63, 24 Apr 63, The Soviet Role in the Arab World"
7553730,263,fileUnit,Restricted - Partly,FOIA (b)(1) National Security,,,"NIE 11-12-87/I, Jul 87, Management and Development of Soviet Military Technology"
7579643,263,fileUnit,Restricted - Fully,FOIA (b)(1) National Security,,,"Letter to Col. Grogan from Douglas Kennedy of True Magazine with Tearsheet Attachment, 4/2/59"
5956138,263,series,Restricted - Fully,Other,,,Lincoln Station Index
7542227,263,fileUnit,Restricted - Partly,FOIA (b)(1) National Security,,,"52) NIE 95, 25 Sept 53, Probable Soviet Bloc Courses of Action Through Mid-1955"
7542546,263,fileUnit,Restricted - Partly,FOIA (b)(1) National Security,,,"4) SNIE 11-11-55, 10 Aug 55, Some Implications of a System of International Armaments Inspection"
7542667,263,fileUnit,Restricted - Partly,FOIA (b)(1) National Security,,,"NI IIM 86-10003, Mar 86, Soviet Economic Aid to Sub-Saharan Africa: Politics in Command"
7553394,263,fileUnit,Restricted - Partly,FOIA (b)(1) National Security,,,"33) NIE 11/12-73, 4 Oct 73, Soviet and East European Attitudes Toward MBFR (Mutual and Balanced Forced Reductions)"
7553640,263,fileUnit,Restricted - Partly,FOIA (b)(1) National Security,,,"39) NIC M 81-10009, Sept 81, Evolving soviet Strategy Toward LRTNF (Long Range Theater Nuclear Forces) Negotiations"
7326930,263,fileUnit,Restricted - Possibly,FOIA (b)(1) National Security,,,"NIE 100-3-56, 24 Apr 56, Sino-Soviet Policy and Its Probable Effects in Underdeveloped Areas"
7327225,263,fileUnit,Restricted - Possibly,FOIA (b)(1) National Security,,,"NIE 11-61, 6 Apr 61, Probable Intelligence Warning of Soviet Attack on the US"
7327257,263,fileUnit,Restricted - Possibly,FOIA (b)(1) National Security,,,"NIC M  81-10009, Sept 81, Evolving soviet Strategy Toward LRTNF (Long Range Theater Nuclear Forces Negotiations)"
7542370,263,fileUnit,Restricted - Partly,FOIA (b)(1) National Security,,,"14) NIE 11-9-62, 2 May 62, Trends in Soviet Foreign Policy"
7542431,263,fileUnit,Restricted - Partly,FOIA (b)(1) National Security,,,"23) NIE 11-3-61, 11 Jul 61, Sino-Soviet Air Defense Capabilities Through Mid-1966"
7542500,263,fileUnit,Restricted - Partly,FOIA (b)(1) National Security,,,"17) NIE 11-14-64, 10 Dec 64, Capabilities of soviet General Purpose Forces, 1964-1970"
7553633,263,fileUnit,Restricted - Partly,FOIA (b)(1) National Security,,,"32) NIO IIM 76-030J, Jun 76, Implications for US-Soviet Relations of Certain Soviet Activities"
7260304,263,series,Restricted - Partly,FOIA (b)(1) National Security,,,Joint Army Navy Studies (JANIS)
7326980,263,fileUnit,Restricted - Possibly,FOIA (b)(1) National Security,,,"SNIE 10-3/1-65, 18 Feb 65, Communist Reactions to possible US Courses of Action Against North Vietnam"
7327339,263,fileUnit,Restricted - Possibly,FOIA (b)(1) National Security,,,"NI IIM 85-10013, Feb 86, Soviet Planning and Capability for Protracted Nuclear War"
7327342,263,fileUnit,Restricted - Possibly,FOIA (b)(1) National Security,,,"NI IIM 86-10002, Mar 86, Soviet Military Production, 1974-85"
7542224,263,fileUnit,Restricted - Partly,FOIA (b)(1) National Security,,,"49) SE 47, 24 Jul 53, Probable Effect of Recent Developments in Eastern Germany on Soviet Policy with Respect to Germany"
7553345,263,fileUnit,Restricted - Partly,FOIA (b)(1) National Security,,,"111) NIE 100-5-59, 3 Feb 59, Implications for the Free World and the Communist Bloc of Growing Nuclear Capabilities"
7542240,263,fileUnit,Restricted - Partly,FOIA (b)(1) National Security,,,"65) NIE 12-54, 24 Aug 54, Probable Developments in the European Satellites Through Mid-1956"
7542374,263,fileUnit,Restricted - Partly,FOIA (b)(1) National Security,,,"18) SNIE 11-16-62, 13 Sept 62, Current Soviet Tactics on Berlin"
7553607,263,fileUnit,Restricted - Partly,FOIA (b)(1) National Security,,,"6) SNIE 100-6-58, 29 Jul 58, Implications of Certain US Earth Satellite Programs"
7326954,263,fileUnit,Restricted - Possibly,FOIA (b)(1) National Security,,,"SNIE 100-2-59, 24 Feb 59, Probable Soviet Courses of Action Regarding Berlin and Germany"
7327080,263,fileUnit,Restricted - Possibly,FOIA (b)(1) National Security,,,"NIE 11-4-56, 2 Aug 56, Soviet Capabilities and Probable Courses of Action Through 1961"
7327326,263,fileUnit,Restricted - Possibly,FOIA (b)(1) National Security,,,"SNIE 3/11-4-81, 17 Nov 81, Dependence of Soviet Military Power on Economic Relations with the West"
7542228,263,fileUnit,Restricted - Partly,FOIA (b)(1) National Security,,,"53) SE 53, 18 Dec 53, Probable Communist Reactions to Certain Possible US Courses of Action in Indochina Through 1954"
7542272,263,fileUnit,Restricted - Partly,FOIA (b)(1) National Security,,,"97) SNIE 100-7-57, 11 Jun 57, Probable Sino-Soviet Reactions to US Deployment of Nuclear Weapons Systems"
7542297,263,fileUnit,Restricted - Partly,FOIA (b)(1) National Security,,,"122) SNIE 2-2-61, 11 Jul 61, Soviet and Other Reactions to Possible US Courses of Action with Respect to Berlin"
7542392,263,fileUnit,Restricted - Partly,FOIA (b)(1) National Security,,,"36) SNIE 58-68, 21 Mar 68, Communist Intentions in Laos"
7542417,263,fileUnit,Restricted - Partly,FOIA (b)(1) National Security,,,"9) SNIE 11-10-57, 10 Dec 57, The Soviet ICBM Program"
7553718,263,fileUnit,Restricted - Partly,FOIA (b)(1) National Security,,,"SNIE 97-85, Nov 85, Peru: Prospects for Increased Soviet Bloc Influence"
7326950,263,fileUnit,Restricted - Possibly,FOIA (b)(1) National Security,,,"SNIE 100-11-58, 16 Sept 58, Probable Chinese Communist and Soviet Intention in the Taiwan Strait Area"
7326951,263,fileUnit,Restricted - Possibly,FOIA (b)(1) National Security,,,"SNIE 100-8-58, 7 Oct 58, Implications of an Increase in US-Soviet Trade"
7326992,263,fileUnit,Restricted - Possibly,FOIA (b)(1) National Security,,,"NIE 11-6-70, 5 Mar 70, Soviet Policies in the Middle East and Mediterranean Area"
7542593,263,fileUnit,Restricted - Partly,FOIA (b)(1) National Security,,,"51) NIE 11-3/8-84/85, 25 Apr 85, Soviet Capabilities for Strategic Nuclear Conflict Through the Mid-1990s"
7553535,263,fileUnit,Restricted - Partly,FOIA (b)(1) National Security,,,"68) NIE 11-3/8-80, 16 Dec 80, Soviet Capabilities for Strategic Nuclear Conflict Through 1990"
7553684,263,fileUnit,Restricted - Partly,FOIA (b)(1) National Security,,,"NI IIM 83-10002, Jul 83, Employment of Warsaw Pact Forces Against NATO"
7579546,263,fileUnit,Restricted - Fully,FOIA (b)(1) National Security,,,"Letter to Dulles from Kirk re: Thanks for Sending a draft of Chapter XIV, The Man on the Job, 4/1/63"
7327136,263,fileUnit,Restricted - Possibly,FOIA (b)(1) National Security,,,"SR RP  73-1, 1 Jun 73, Soviet Nuclear Doctrine: Concepts of Intercontinental and Theater War"
7553674,263,fileUnit,Restricted - Partly,FOIA (b)(1) National Security,,,"NI IIM 80-10010JX, Jun 80, The Readiness of Soviet Naval Forces"
7542216,263,fileUnit,Restricted - Partly,FOIA (b)(1) National Security,,,"41) SE 40, 13 Apr 53, Communist Reactions to US Establishment of a Volunteer Freedom Corps"
7542256,263,fileUnit,Restricted - Partly,FOIA (b)(1) National Security,,,"81) NIE 11-5-55, 12 July 55, Air Defense of the Sino-Soviet Bloc, 1955-1960"
7553464,263,fileUnit,Restricted - Partly,FOIA (b)(1) National Security,,,"49) NICM 82-10004, Apr 82, The Soviet Bloc Financial Problem as a Source of Western Influence"
7327300,263,fileUnit,Restricted - Possibly,FOIA (b)(1) National Security,,,"NIC  4604-83, 1 Jul 83, Prospects for Soviet Arms Deliveries to Argentina"
7553462,263,fileUnit,Restricted - Partly,FOIA (b)(1) National Security,,,"47) SNIE 11-17-83, 15 Sept 83, Implications of Soviet Use of Chemical and Toxin Weapons for US Security Interests"
7542504,263,fileUnit,Restricted - Partly,FOIA (b)(1) National Security,,,"21) NIE 11-14-65, 21 Oct 65, Capabilities of Soviet General Purpose Forces"
7553391,263,fileUnit,Restricted - Partly,FOIA (b)(1) National Security,,,"30) NIE 15-73, 5 Jul 73, Yugoslavia After Tito"
7579478,263,fileUnit,Restricted - Fully,FOIA (b)(1) National Security,,,"Letter to J. Eisenhower from Kirk re: Booklet Prepared to Present to Each French Resistance Member, 10/12/59"
102260449,263,series,Restricted - Fully,FOIA (b)(1) National Security,,,Agency Provided External Support Files and Document Analysis Files
7326851,263,fileUnit,Restricted - Possibly,FOIA (b)(1) National Security,,,"NIE 29/1, 4 May 51, Review of the Conclusions of NIE 29, Probability of an Invasion of Yugoslavia in 1951"
7542637,263,fileUnit,Restricted - Partly,FOIA (b)(1) National Security,,,"NIE 11-19-85/D, Jun 85, Soviet Strategy and Capabilities for Multitheater War"
7553395,263,fileUnit,Restricted - Partly,FOIA (b)(1) National Security,,,"34) NIE 11/13/6-73, 25 Oct 73, Possible Changes in the Sino-Soviet Relationship"
102260487,263,series,Restricted - Fully,FOIA (b)(1) National Security,,,Research and Development Contract Files
7327009,263,fileUnit,Restricted - Possibly,FOIA (b)(1) National Security,,,"NIE 11-4-78, 9 May 78, Soviet Goals and Expectations in the Global Power Arena"
7327221,263,fileUnit,Restricted - Possibly,FOIA (b)(1) National Security,,,"SNIE 11-11-55, 10 Aug 55, Some Implications of a System of International Armaments Inspection"
7553273,263,fileUnit,Restricted - Partly,FOIA (b)(1) National Security,,,"39) NIE 80, 3 Apr 53, Communist Capabilities and Probable Courses of Action in Korea"
7553424,263,fileUnit,Restricted - Partly,FOIA (b)(1) National Security,,,"9) SNIE 11-12-61, 5 Oct 61, The Soviet Threat to Iran and the CENTO Area"
7553477,263,fileUnit,Restricted - Partly,FOIA (b)(1) National Security,,,"10) SNIE 11-7-58, 5 Jun 58, Strength and Composition of the Soviet Long Range Bomber Force"
7553581,263,fileUnit,Restricted - Partly,FOIA (b)(1) National Security,,,"39) NIE 11-14-69, 4 Dec 69, Soviet and East European General Purpose Forces"
7579493,263,fileUnit,Restricted - Fully,FOIA (b)(1) National Security,,,"Memo to Chief, WH Division re: Mario Lazo, 10/18/61"
7579602,263,fileUnit,Restricted - Fully,FOIA (b)(1) National Security,,,"Memo to Deputy DCI from Kirk re: CIA's Efforts to Prevent Publication, 4/16/62"
1280595,263,series,Restricted - Partly,FOIA (b)(1) National Security,1927,1956,Information Reports Filed Under File Code U
1280596,263,series,Restricted - Partly,FOIA (b)(1) National Security,,,Information Reports Filed Under File Code OO-M
7542201,263,fileUnit,Restricted - Partly,FOIA (b)(1) National Security,,,"26) NIE 48, 8 Jan 52, Likelihood of the Deliberate Initiation of Full-Scale War by the USSR Against the US and Its Western Allies Prior to the End of 1952"
7553551,263,fileUnit,Restricted - Partly,FOIA (b)(1) National Security,,,"9) NIE 11-4-61, 24 Aug 61, Main Trends in Soviet Capabilities and Policies, 1961-1966"
7579522,263,fileUnit,Restricted - Fully,FOIA (b)(1) National Security,,,"Letter to Dulles from Kirk re: Progress of Illness and Returning to Work, 2/10/53"
7542524,263,fileUnit,Restricted - Partly,FOIA (b)(1) National Security,,,"41) NIE 11-14-71, 9 Sept 71, Warsaw Pact Forces for Operations in Eurasia"
7542551,263,fileUnit,Restricted - Partly,FOIA (b)(1) National Security,,,"9) NIE 11-1-62, 5 Dec 62, The Soviet Space Program"
7553430,263,fileUnit,Restricted - Partly,FOIA (b)(1) National Security,,,"15) NIE 12-4-62, 9 May 62, The Outlook in East Germany"
7553450,263,fileUnit,Restricted - Partly,FOIA (b)(1) National Security,,,"35) SNIE 11-9-68, 18 Jan 68, Soviet Interests and Activities in Arab States"
7553490,263,fileUnit,Restricted - Partly,FOIA (b)(1) National Security,,,"23) NIE 11-3-61, 11 Jul 61, Sino-Soviet Air Defense Capabilities Through Mid-1966"
7553619,263,fileUnit,Restricted - Partly,FOIA (b)(1) National Security,,,"18) NIE 11-11-69, 13 Feb 69, Soviet Chemical and Biological Warfare Capabilities"
7326915,263,fileUnit,Restricted - Possibly,FOIA (b)(1) National Security,,,"NIE 12.5-55, 29 Mar 55, Current Situation and Probable Developments in Hungary"
7326926,263,fileUnit,Restricted - Possibly,FOIA (b)(1) National Security,,,"NIE 11-12-55, 20 Dec 55, Soviet Guided Missile Capabilities and Probable Programs"
7326927,263,fileUnit,Restricted - Possibly,FOIA (b)(1) National Security,,,"NIE 12-56, 10 Jan 56, Probable Developments in the European Satellites Through 1960"
7326990,263,fileUnit,Restricted - Possibly,FOIA (b)(1) National Security,,,"SNIE 58-70 58-70, 5 Feb 70, The Communist View of the Situation in Laos"
7327345,263,fileUnit,Restricted - Possibly,FOIA (b)(1) National Security,,,"IIA 86-10004, 3 Sept 86, Soviet Strategic Forces in the 1990s in a No-SALT Environment"
7542449,263,fileUnit,Restricted - Partly,FOIA (b)(1) National Security,,,"41) NIE 11-3-66, 17 Nov 66, Soviet Strategic Air and Missile Defenses"
7542502,263,fileUnit,Restricted - Partly,FOIA (b)(1) National Security,,,"19) NIE 11-2A-65, 19 May 65, The Soviet Atomic Energy Program"
7326949,263,fileUnit,Restricted - Possibly,FOIA (b)(1) National Security,,,"NIE 12-6-58, 16 Sept 58, The Outlook in Poland"
7326969,263,fileUnit,Restricted - Possibly,FOIA (b)(1) National Security,,,"SNIE 2-6-61, 19 Oct 61, Probable Soviet and Other Reactions to Certain US Military Measures in the Berlin Crisis"
7553545,263,fileUnit,Restricted - Partly,FOIA (b)(1) National Security,,,"3) Memo to Holders of NIE 11-5-59, Soviet Capabilities in Guided Missiles and Space Vehicles"
7327246,263,fileUnit,Restricted - Possibly,FOIA (b)(1) National Security,,,"IIM  74-018, Oct 74, A Soviet Land-Mobile ICBM: Evidence of Development and Consideration Affecting a Decision on Deployment"
7542429,263,fileUnit,Restricted - Partly,FOIA (b)(1) National Security,,,"21) NIE 11-8-61, 7 Jun 61, Soviet Capabilities for Long Range Attack"
7553289,263,fileUnit,Restricted - Partly,FOIA (b)(1) National Security,,,"55) NIE 12.4-54, 22 Jan 54, Probable Developments in East Germany Through 1955"
102260466,263,series,Restricted - Fully,FOIA (b)(1) National Security,,,Historical Source Files
7542351,263,fileUnit,Restricted - Partly,FOIA (b)(1) National Security,,,"49) SNIE 3-11/2-82, 21 Sept 82, The Soviet Gas Pipeline in Perspective"
7542376,263,fileUnit,Restricted - Partly,FOIA (b)(1) National Security,,,"20) NIE 11-12-62, 5 Dec 62, Trends in soviet Policy Toward Sub-Saharan Africa"
7542421,263,fileUnit,Restricted - Partly,FOIA (b)(1) National Security,,,"13) NIE 11-4-58, 23 Dec 58, Main Trends in Soviet Capabilities and Policies, 1958-1963"
7542426,263,fileUnit,Restricted - Partly,FOIA (b)(1) National Security,,,"18) NIE 11-5-60, Soviet Capabilities in Guided Missiles and Space Vehicles"
7542645,263,fileUnit,Restricted - Partly,FOIA (b)(1) National Security,,,"SNIE 11-6-76, 10 Feb 76, Implications of the 1975 Soviet Harvest"
7542356,263,fileUnit,Restricted - Partly,FOIA (b)(1) National Security,,,"NIE 11-3/8-82, 15 Feb 83, Soviet Capabilities for Strategic Nuclear Conflict, 1982-92"
7553664,263,fileUnit,Restricted - Partly,FOIA (b)(1) National Security,,,"NIE 11-6-66, 27 Jan 66, Anti-Communist Resistance Potential in the USSR and Eastern Europe"
7327294,263,fileUnit,Restricted - Possibly,FOIA (b)(1) National Security,,,"NIE 11-14/40-81, Oct 85, Soviet Military Forces in the Far East"
102260489,263,series,Restricted - Fully,FOIA (b)(1) National Security,,,Research and Development Project Files
5956125,263,series,Restricted - Fully,Other,,,Headquarters PBHISTORY Subject Files
6106938,263,series,Restricted - Partly,Other,,,Records Relating to Activities in Guatemala
7326896,263,fileUnit,Restricted - Possibly,FOIA (b)(1) National Security,,,"NIE 12.4-54, 22 Jan 54, Probable Developments in East Germany Through 1955"
7327145,263,fileUnit,Restricted - Possibly,FOIA (b)(1) National Security,,,"NIE 11-6-78, 12 Sept 78, Soviet Strategic Forces for Peripheral Attack"
7542479,263,fileUnit,Restricted - Partly,FOIA (b)(1) National Security,,,"71) NIE 11-3/8-81, 23 Mar 82, Soviet Capabilities for Strategic Nuclear Conflict, 1981-91"
7553301,263,fileUnit,Restricted - Partly,FOIA (b)(1) National Security,,,"67) SNIE 11-7A-54, 14 Sept 54, Soviet Gross Capabilities for Attacks on the US and Key Overseas Installations Through 1 July 1957"
7553513,263,fileUnit,Restricted - Partly,FOIA (b)(1) National Security,,,"46) NIE 11-4-68, 19 Sept 68, Main Issues in Soviet Military Policy"
7553629,263,fileUnit,Restricted - Partly,FOIA (b)(1) National Security,,,"28) NIAM 11-9-74, 23 May 74, Soviet Détente Policy"
7326842,263,fileUnit,Restricted - Possibly,FOIA (b)(1) National Security,,,"NIE 2/2, 27 Nov 50, Soviet Participation in the Air Defense of Manchuria"
7327269,263,fileUnit,Restricted - Possibly,FOIA (b)(1) National Security,,,"NIE 11-3/8-84/85, 25 Apr 85, Soviet Capabilities for Strategic Nuclear Conflict Through the Mid-1990s - Volume I-Summary"
7542613,263,fileUnit,Restricted - Partly,FOIA (b)(1) National Security,,,"NI IIM 77-010C, Apr 77, The Significance of Soviet TU-95 Bear D Deployments in West Africa"
7542666,263,fileUnit,Restricted - Partly,FOIA (b)(1) National Security,,,"NI IIM 86-10002, Mar 86, Soviet Military Production, 1974-85"
7553463,263,fileUnit,Restricted - Partly,FOIA (b)(1) National Security,,,"48) NICM 82-10002, Mar 82, The Soviet Bloc Hard Currency Problems and the Impact of Western Credit Restrictions"
7553707,263,fileUnit,Restricted - Partly,FOIA (b)(1) National Security,,,"NI IIM 77-011, Apr 77, The Emerging Role of the Soviet Merchant Fleet in World Shipping"
7579502,263,fileUnit,Restricted - Fully,FOIA (b)(1) National Security,,,"Memo to DCI from Kirk re: discussion with M. Lazo re: His Potential Article for Reader's Digest, 5/21/64"
1374318,263,fileUnit,Restricted - Partly,,,,"Farka, Ibrahim"
7326886,263,fileUnit,Restricted - Possibly,FOIA (b)(1) National Security,,,"NIE 87, 28 May 53, Probable Developments Within the European Satellites, Through Mid-1955"
7327027,263,fileUnit,Restricted - Possibly,FOIA (b)(1) National Security,,,"SNIE 100-6-59, 6 Apr 59, Soviet and Other Reactions to Various Courses of Action in the Berlin Crisis"
7327308,263,fileUnit,Restricted - Possibly,FOIA (b)(1) National Security,,,"NIE 11-15-84/D, Mar 85, Soviet Naval Strategy and Programs Through the 1990s"
7553239,263,fileUnit,Restricted - Partly,FOIA (b)(1) National Security,,,"5) NIE 17, 27 Dec 50, Probable Soviet Reactions to a Remilitarization of Western Germany"
7553694,263,fileUnit,Restricted - Partly,FOIA (b)(1) National Security,,,"NIE 13/11-84, Jun 85, The Changing Sino-Soviet Relationship"
7579606,263,fileUnit,Restricted - Fully,FOIA (b)(1) National Security,,,"Letter to Sam Papich from Kirk re: Copies of Page Proofs of Around the Edge of War, 10/26/61"
7326935,263,fileUnit,Restricted - Possibly,FOIA (b)(1) National Security,,,"SNIE 11-10-56, 29 Nov 56, Soviet Actions in the Middle East"
7327206,263,fileUnit,Restricted - Possibly,FOIA (b)(1) National Security,,,"NI IIM 10022J, 28 Sept 79, Soviet Options in Afghanistan"
7542377,263,fileUnit,Restricted - Partly,FOIA (b)(1) National Security,,,"21) NIE 11-7-63, 13 Mar 63, The Clandestine Introduction of Weapons of Mass Destruction into the US"
7542387,263,fileUnit,Restricted - Partly,FOIA (b)(1) National Security,,,"31) SNIE 11-11-67, 4 May 67, Soviet Attitudes and Intentions Toward the Vietnam War"
7542415,263,fileUnit,Restricted - Partly,FOIA (b)(1) National Security,,,"7) NIE 11-4-57, 12 Nov 57, Main Trends in Soviet Capabilities and Policies 1957-1962"
7542570,263,fileUnit,Restricted - Partly,FOIA (b)(1) National Security,,,"28) NIAM 11-9-74, 23 May 74, Soviet Détente Policy"
7553372,263,fileUnit,Restricted - Partly,FOIA (b)(1) National Security,,,"11) SNIE 10-4-65, 19 Mar 65, Probable Communist Reactions to Deployment of an ROK Combat Division for Base Security Duty in South Vietnam"
7553733,263,fileUnit,Restricted - Partly,FOIA (b)(1) National Security,,,"NI IIM 87-10004C, May 87, Soviet Foreign Military Assistance"
4509735,263,series,Restricted - Possibly,,,,"Requirements, Directives, and Correspondence"
7326993,263,fileUnit,Restricted - Possibly,FOIA (b)(1) National Security,,,"NIE 4-70, 7 Jul 70, The Clandestine Introduction of Nuclear Weapons into the US"
7542353,263,fileUnit,Restricted - Partly,FOIA (b)(1) National Security,,,"51) SNIE 11/30-83, 8 Feb 83, Soviet Policy in the Middle East and South Asia Under Andropov"
7553329,263,fileUnit,Restricted - Partly,FOIA (b)(1) National Security,,,"95) NIE 12-57, 19 Feb 57, Stability of the Soviet Satellite Structure"
7326994,263,fileUnit,Restricted - Possibly,FOIA (b)(1) National Security,,,"NIE 11-9-71, 15 Apr 71, Soviet Policy in Asia"
7553418,263,fileUnit,Restricted - Partly,FOIA (b)(1) National Security,,,"3) NIE 100-3-60, 9 Aug 60, Sino-Soviet Relations"
7553536,263,fileUnit,Restricted - Partly,FOIA (b)(1) National Security,,,"69) Memo to Holders of NIE 11-4-78, Soviet Goals and Expectations in the Global Power Arena"
7579639,263,fileUnit,Restricted - Fully,FOIA (b)(1) National Security,,,"Letter to Col Grogan from Douglas Kennedy of True Magazine with Copy of Galley's, 3/10/59"
5956118,263,series,Restricted - Fully,Other,,,Headquarters PBSUCCESS Personalities Files
7327242,263,fileUnit,Restricted - Possibly,FOIA (b)(1) National Security,,,"Memo to Holders of NIE 11-8-71, Cost of Illustrative Soviet Intercontinental Attack Force Models"
7542394,263,fileUnit,Restricted - Partly,FOIA (b)(1) National Security,,,"38) SNIE 11-16-68, 7 Nov 68, The Soviet Approach to Arms Control"
7542564,263,fileUnit,Restricted - Partly,FOIA (b)(1) National Security,,,"22) NIE 11-8-70, 24 Nov 70, Soviet Forces for Intercontinental Attack, Annex I"
7553649,263,fileUnit,Restricted - Partly,FOIA (b)(1) National Security,,,"48) NIE 11-1-85W, Dec 85, Soviet Space Programs"
7579515,263,fileUnit,Restricted - Fully,FOIA (b)(1) National Security,,,"Memo to Dulles from Kirk re: Group of Chiefs of Police, 10/4/60"
7579573,263,fileUnit,Restricted - Fully,FOIA (b)(1) National Security,,,"Letter to Mr. Clarendon from Kirk re: Procurement of Fulbright Fellowship, 6/7/61"
7542664,263,fileUnit,Restricted - Partly,FOIA (b)(1) National Security,,,"NIE 11-3/8-86, Apr 86, Soviet Forces and Capabilities for Strategic Nuclear Conflict Through the Mid-1990s"
7579626,263,fileUnit,Restricted - Fully,FOIA (b)(1) National Security,,,"Letter to Robbins Milbank from Z. Goodman re: Fulbright Fellowship for Miss Clavero, 2/25/63"
7326857,263,fileUnit,Restricted - Possibly,FOIA (b)(1) National Security,,,"SE 10, 15 Sept 51, Soviet Capabilities for a Surprise Attack on the Continental United Sates Before July 1952"
7327128,263,fileUnit,Restricted - Possibly,FOIA (b)(1) National Security,,,"NIE 11-8-69, 9 Sept 69, Soviet Strategic Attack Forces"
7327263,263,fileUnit,Restricted - Possibly,FOIA (b)(1) National Security,,,"NI IIM 83-10005, Dec 83. Soviet Wartime Management: The Role of Civil Defense in Leadership Continuity"
7553727,263,fileUnit,Restricted - Partly,FOIA (b)(1) National Security,,,"IIA 86-10004, 3 Sept 86, Soviet Strategic Forces in the 1990s in a No-SALT Environment"
7553731,263,fileUnit,Restricted - Partly,FOIA (b)(1) National Security,,,"SNIE 11-20-84JXW, Jan 87, Soviet Submarine Warfare Trends"
7579570,263,fileUnit,Restricted - Fully,FOIA (b)(1) National Security,,,Instructions for James Donovan
7579635,263,fileUnit,Restricted - Fully,FOIA (b)(1) National Security,,,"Letter to SCI from Hoover re: Confidential Informant, 6/29/59"
7327086,263,fileUnit,Restricted - Possibly,FOIA (b)(1) National Security,,,"SNIE 11-10-57, 10 Dec 57, The Soviet ICBM Program-Copy 1"
7327288,263,fileUnit,Restricted - Possibly,FOIA (b)(1) National Security,,,"NIO IIM  76-010 J, Mar 76, Prospects for Improvement in Soviet Low-Altitude Air Defense"
7542239,263,fileUnit,Restricted - Partly,FOIA (b)(1) National Security,,,"64) SNIE 11-7-54, 17 Aug 54, Soviet Gross Capabilities for Attacks on the US and Key Overseas Installations Through 1 July 1957"
7542326,263,fileUnit,Restricted - Partly,FOIA (b)(1) National Security,,,"24) NIE 11-9-71, 15 Apr 71, Soviet Policy in Asia"
5956130,263,series,Restricted - Fully,Other,,,Lincoln Station KUHOOK Files
7327190,263,fileUnit,Restricted - Possibly,FOIA (b)(1) National Security,,,"SNIE 11-12-68, 15 Aug 68,  Emplacement of Weapons of Mass Destruction on the Seabed"
7553608,263,fileUnit,Restricted - Partly,FOIA (b)(1) National Security,,,"7) NIE 11-7-60, 17 May 60, Soviet Capabilities and Intentions with Respect to the Clandestine Introduction of Weapons of Mass Destruction into the US"
7579588,263,fileUnit,Restricted - Fully,FOIA (b)(1) National Security,,,"Memo for DCI from Kirk re: True Magazine Article, 9/11/59"
490164797,263,series,Restricted - Partly,John F. Kennedy Assassination Records Collection Act,1961,1978,Records Relating to the Assassination of U.S. President John F. Kennedy
7542425,263,fileUnit,Restricted - Partly,FOIA (b)(1) National Security,,,"17) NIE 11-4-59, 9 Feb 60, Main Trends in Soviet Capabilities and Policies, 1959-1964"
7553242,263,fileUnit,Restricted - Partly,FOIA (b)(1) National Security,,,"8) NIE 22, 19 Feb 51, Vulnerability of the Soviet Bloc to Economic Warfare"
7553529,263,fileUnit,Restricted - Partly,FOIA (b)(1) National Security,,,"62) NIE 11-4-77, 12 Jan 77, Soviet Strategic Objectives"
7579631,263,fileUnit,Restricted - Fully,FOIA (b)(1) National Security,,,"Memo from Smith Personally re: Conference with J. Edgar Hoover, 11/8/51"
7327091,263,fileUnit,Restricted - Possibly,FOIA (b)(1) National Security,,,"NIE 11-4-58, 23 Dec 58, Main Trends in Soviet Capabilities and Policies, 1958-1963"
7327286,263,fileUnit,Restricted - Possibly,FOIA (b)(1) National Security,,,"NIE 11-12-72, 19 Sept 72, Soviet Military Research and Development"
7542327,263,fileUnit,Restricted - Partly,FOIA (b)(1) National Security,,,"25) NIE 80/90-71, 29 Apr 71, The Soviet Role in Latin America"
7542443,263,fileUnit,Restricted - Partly,FOIA (b)(1) National Security,,,"35) NIE 11-4-65, 14 Apr 65, Main Trends in Soviet Military Policy"
7542595,263,fileUnit,Restricted - Partly,FOIA (b)(1) National Security,,,"53) SNIE 11/17-2-84/L, 20 Nov 84, The Soviet Offensive Chemical Warfare Threat to NATO"
7553351,263,fileUnit,Restricted - Partly,FOIA (b)(1) National Security,,,"117) NIE 11-9-59, 8 Sept 59, Probable Soviet Position on Nuclear Weapons Testing"
7553509,263,fileUnit,Restricted - Partly,FOIA (b)(1) National Security,,,"42) Memo to Holders of NIE 11-8-66, 13 Mar 67, Soviet Capabilities for Strategic Attack"
7553524,263,fileUnit,Restricted - Partly,FOIA (b)(1) National Security,,,"57) SNIE 11-4-73, 10 Sept 73, Soviet Strategic Arms Programs and Détente: What Are They Up To?"
7553622,263,fileUnit,Restricted - Partly,FOIA (b)(1) National Security,,,"21) NIE 11-8-70, 24 Nov 70, Soviet Forces for Intercontinental Attack"
7553720,263,fileUnit,Restricted - Partly,FOIA (b)(1) National Security,,,"NIE 11-14-85/D, Sept 85, Trends and Developments in Warsaw Pact Theater forces, 1985-2000"
7579561,263,fileUnit,Restricted - Fully,FOIA (b)(1) National Security,,,"Memo to DD/Plans from Tracy Barnes re: Survey of Cuban Operation, 1/19/62"
7326919,263,fileUnit,Restricted - Possibly,FOIA (b)(1) National Security,,,"NIE 100-5-55, 14 Jun 55, Implications of Growing Nuclear Capabilities for the Communist Bloc and the Free World"
7327110,263,fileUnit,Restricted - Possibly,FOIA (b)(1) National Security,,,"NIE 11-9-63, 15 Jul 63, Soviet Capabilities and Intentions to Orbit Nuclear Weapons"
7542592,263,fileUnit,Restricted - Partly,FOIA (b)(1) National Security,,,"50) NIE 11-3/8-84/85, 25 Apr 85, Soviet Capabilities for Strategic Nuclear Conflict Through the Mid-1990s"
7553354,263,fileUnit,Restricted - Partly,FOIA (b)(1) National Security,,,"120) NIE 11-7-61, 25 Apr 61, Soviet Short-Term Intentions Regarding Berlin and Germany"
7579613,263,fileUnit,Restricted - Fully,FOIA (b)(1) National Security,,,"Letter to Kirk from J. Wachter re: Mario Lazo Dropping by the Office, 12/11/58"
1374493,263,fileUnit,Restricted - Partly,,,,"Kedia, Michel"
7326912,263,fileUnit,Restricted - Possibly,FOIA (b)(1) National Security,,,"SNIE 100-3-55, 25 Jan 55, Communist Reactions to Certain Possible US Courses of Action with Respect to the Islands Off the Coast of China"
7553681,263,fileUnit,Restricted - Partly,FOIA (b)(1) National Security,,,"NI IIM 82-10012, Nov 82, The Readiness of Soviet Ground Forces"
7327051,263,fileUnit,Restricted - Possibly,FOIA (b)(1) National Security,,,"SNIE 14.3-63, 26 Jun 63, The Impact of the Sino-Soviet Dispute on North Vietnam and Its Policies"
7327060,263,fileUnit,Restricted - Possibly,FOIA (b)(1) National Security,,,"SNIE 11-9-68, 18 Jan 68, Soviet Interests and Activities in Arab States"
7327330,263,fileUnit,Restricted - Possibly,FOIA (b)(1) National Security,,,"NIE 36.9/11-84, 5 Apr 84, South Yemen-USSR: Outlook for the Relationship"
7553243,263,fileUnit,Restricted - Partly,FOIA (b)(1) National Security,,,"9) SE 2, 21 Feb 51, Probable Effects on Soviet Intentions and Capabilities of Arming the Japanese National Police Reserve as Four Fully Equipped Divisions"
7553278,263,fileUnit,Restricted - Partly,FOIA (b)(1) National Security,,,"44) SE 44, 30 Apr 53, The Soviet Statement of 25 April 1953 in Reply to President Eisenhower's Speech on 16 April 1953"
7553468,263,fileUnit,Restricted - Partly,FOIA (b)(1) National Security,,,"1) NIE 11-56, 6 Mar 56, Soviet Gross Capabilities for Attack on the US and Key Overseas Installations and Forces Through Mid-1959"
7579553,263,fileUnit,Restricted - Fully,FOIA (b)(1) National Security,,,"Memo for Director from Kirk re: President Raising Question of E. Dickerson's Proposal Investigation, 1/23/63"
472539245,263,series,Restricted - Partly,John F. Kennedy Assassination Records Collection Act,1959,2018,Directorate of Operations Personality File on Lee Harvey Oswald - File No. 201-289248
7326841,263,fileUnit,Restricted - Possibly,FOIA (b)(1) National Security,,,"NIE 3, 15 Nov 50, Soviet Capabilities and Intentions"
7327220,263,fileUnit,Restricted - Possibly,FOIA (b)(1) National Security,,,"SNIE 11-9-55, 28 Jun 55, Clandestine Introduction of Nuclear Weapons Under Diplomatic Immunity"
7579459,263,fileUnit,Restricted - Fully,FOIA (b)(1) National Security,,,"Letter to J. Larocque from Kirk re: Accepting Assignment to Help with Educational Aid Fund, 5/7/65"
7579607,263,fileUnit,Restricted - Fully,FOIA (b)(1) National Security,,,"Letter to A. Belmont from Kirk re: Promotion to Asst to the Director of the FBI, 6/7/61"
7326922,263,fileUnit,Restricted - Possibly,FOIA (b)(1) National Security,,,"NIE 11-5-55, 12 July 55, Air Defense of the Sino-Soviet Bloc, 1955-1960"
7327133,263,fileUnit,Restricted - Possibly,FOIA (b)(1) National Security,,,"NIE 11-8-72, 26 Oct 72, Soviet Forces for Intercontinental Attack"
7542495,263,fileUnit,Restricted - Partly,FOIA (b)(1) National Security,,,"12) NIE 11-14-62, 5 Dec 62, Capabilities of the Soviet Theater Forces"
7553361,263,fileUnit,Restricted - Partly,FOIA (b)(1) National Security,,,"127) SNIE 2-6-61, 19 Oct 61, Probable Soviet and Other Reactions to Certain US Military Measures in the Berlin Crisis"
7553382,263,fileUnit,Restricted - Partly,FOIA (b)(1) National Security,,,"21) SNIE 11-16-70, 19 Feb 70, Soviet Attitudes Toward Salt"
7326904,263,fileUnit,Restricted - Possibly,FOIA (b)(1) National Security,,,"SNIE 10-4-54, 15 Jun 54, Communist Reactions to Certain US Courses of Action with Respect to Indochina"
7327034,263,fileUnit,Restricted - Possibly,FOIA (b)(1) National Security,,,"SNIE 11-12-61, 5 Oct 61, The Soviet Threat to Iran and the CENTO Area"
7327103,263,fileUnit,Restricted - Possibly,FOIA (b)(1) National Security,,,"NIE 11-8/1-61 Supplements, 21 Sept 61, Strength and Deployment of Soviet Long Range Ballistic Missile Forces"
7327291,263,fileUnit,Restricted - Possibly,FOIA (b)(1) National Security,,,"NI IIM 80-10010JX, Jun 80, The Readiness of Soviet Naval Forces"
7542347,263,fileUnit,Restricted - Partly,FOIA (b)(1) National Security,,,"45) SNIE 11/32-81, 12 Aug 81, The Soviet Threat to Pakistan"
7553364,263,fileUnit,Restricted - Partly,FOIA (b)(1) National Security,,,"3) SNIE 11-8-58, 8 Jul 58, Implications of Current Soviet Conduct"
7553697,263,fileUnit,Restricted - Partly,FOIA (b)(1) National Security,,,"NIE 11-7-85, Nov 85, The Future of Soviet Science"
7542357,263,fileUnit,Restricted - Partly,FOIA (b)(1) National Security,,,"1) NIE 100-57, 26 Mar 57, Sino-Soviet Foreign Economic Policies and Their Probable Effects in Underdeveloped Areas"
7542494,263,fileUnit,Restricted - Partly,FOIA (b)(1) National Security,,,"11) Memo to Holders of Annexes A and B of NIE 11-4-61, Main Trends in Soviet Capabilities and Policies, 1961-1966"
7542574,263,fileUnit,Restricted - Partly,FOIA (b)(1) National Security,,,"32) NIO IIM 76-030J, Jun 76, Implications for US-Soviet Relations of Certain Soviet Activities"
1280602,263,series,Restricted - Partly,FOIA (b)(1) National Security,1910,1969,Information Reports Filed Under File Code OO-XX
7327076,263,fileUnit,Restricted - Possibly,FOIA (b)(1) National Security,,,"NICM 82-10005, Apr 82, The US-Soviet Competition for Influence in the Third World: How LDCs (Less Developed Countries Play It)"
7327159,263,fileUnit,Restricted - Possibly,FOIA (b)(1) National Security,,,"NIE 11-3-60, 29 Mar 60, Sino-Soviet Air Defense Capabilities Through Mid-1965"
7553251,263,fileUnit,Restricted - Partly,FOIA (b)(1) National Security,,,"17) SE 10, 15 Sept 51, Soviet Capabilities for a Surprise Attack on the Continental United Sates Before July 1952"
7553306,263,fileUnit,Restricted - Partly,FOIA (b)(1) National Security,,,"72) SNIE 11-4-55, 15 Feb 55, Review of Current Communist Attitudes Toward General War"
7553578,263,fileUnit,Restricted - Partly,FOIA (b)(1) National Security,,,"36) NIE 11-14-68, 12 Dec 68, Soviet and East European General Purpose Forces"
7579511,263,fileUnit,Restricted - Fully,FOIA (b)(1) National Security,,,"Letter to M. Lazo from Kirk re: Desire for Unofficial Cooperation on Book, 5/27/65"
7542534,263,fileUnit,Restricted - Partly,FOIA (b)(1) National Security,,,"51) NI IIM 80-10017JX, Oct 80, The Soviet Invasion of Afghanistan: Implications for Warning"
1374392,263,fileUnit,Restricted - Partly,,,,"Hanff, Konstanty Zygfryd"
7542365,263,fileUnit,Restricted - Partly,FOIA (b)(1) National Security,,,"9) SNIE 11-12-61, 5 Oct 61, The Soviet Threat to Iran and the CENTO Area"
7542459,263,fileUnit,Restricted - Partly,FOIA (b)(1) National Security,,,"51) NIE 11-8-71, 21 Oct 71, Soviet Forces for Intercontinental Attack"
7542647,263,fileUnit,Restricted - Partly,FOIA (b)(1) National Security,,,"NIO IIM 76-035, 2 Aug 76, Prospects for Soviet Naval Access to Mediterranean Shore Facilities"
7553538,263,fileUnit,Restricted - Partly,FOIA (b)(1) National Security,,,"71) NIE 11-3/8-81, 23 Mar 82, Soviet Capabilities for Strategic Nuclear Conflict, 1981-91"
7327279,263,fileUnit,Restricted - Possibly,FOIA (b)(1) National Security,,,"NIE 11-2-61, 5 Oct 61, The Soviet Atomic Energy Program"
7553572,263,fileUnit,Restricted - Partly,FOIA (b)(1) National Security,,,"30) NIE 11-14-67, 9 May 68, Soviet and East European General Purpose Forces"
7327176,263,fileUnit,Restricted - Possibly,FOIA (b)(1) National Security,,,"NIE 11-2A-65, 19 May 65, The Soviet Atomic Energy Program"
7542553,263,fileUnit,Restricted - Partly,FOIA (b)(1) National Security,,,"11) NIE 11-6-64, 26 Aug 64, Soviet Capabilities and Intentions with Respect to Biological Warfare"
4509737,263,series,Restricted - Possibly,,,,Records Relating to Military Intelligence Division Project 1641
102260450,263,series,Restricted - Fully,FOIA (b)(1) National Security,,,Authentication Records Documentation Files
7542384,263,fileUnit,Restricted - Partly,FOIA (b)(1) National Security,,,"28) NIE 11-9-64, 19 Feb 64, Soviet Foreign Policy"
7542661,263,fileUnit,Restricted - Partly,FOIA (b)(1) National Security,,,"NI IIA 84-10012, 7 Aug 84, Soviet Policy Toward Lebanon"
7542663,263,fileUnit,Restricted - Partly,FOIA (b)(1) National Security,,,"NI IIM 85-10013, Feb 86, Soviet Planning and Capability for Protracted Nuclear War"
7553471,263,fileUnit,Restricted - Partly,FOIA (b)(1) National Security,,,"4) NIE 11-5-57, 12 Mar 57, Soviet Capabilities and Probable Programs in the Guided Missile Field"
1374656,263,fileUnit,Restricted - Partly,,,,"Niznansky, Ladislav"
7327106,263,fileUnit,Restricted - Possibly,FOIA (b)(1) National Security,,,"NIE 11-8-62, 6 Jul 62, Soviet Capabilities for Long Range Attack"
7327165,263,fileUnit,Restricted - Possibly,FOIA (b)(1) National Security,,,"NIE 11-8/1-61, 21 Sept 61, Strength and Deployment of Soviet Long Range Ballistic Missile Forces"
7327229,263,fileUnit,Restricted - Possibly,FOIA (b)(1) National Security,,,"Memo to Holders of NIE 11-10-63, Soviet Capabilities and Intentions with Respect to Chemical Warfare"
7542378,263,fileUnit,Restricted - Partly,FOIA (b)(1) National Security,,,"22) NIE 11-5-63, 20 Mar 63, Soviet Economic Problems"
7542491,263,fileUnit,Restricted - Partly,FOIA (b)(1) National Security,,,"8) NIE 11-5-61, 25 Apr 61, Soviet Technical Capabilities in Guided Missiles and Space Vehicles"
7542580,263,fileUnit,Restricted - Partly,FOIA (b)(1) National Security,,,"38) NI IIM 81-10001D, Jul 81, Soviet Civil Defense: Objectives, Pace, and Effectiveness"
7542587,263,fileUnit,Restricted - Partly,FOIA (b)(1) National Security,,,"45) NI IIM 83-10005, Dec 83. Soviet Wartime Management: The Role of Civil Defense in Leadership Continuity"
7553269,263,fileUnit,Restricted - Partly,FOIA (b)(1) National Security,,,"35) NIE 64 (Part II), 11 Dec 52, Probable Soviet Bloc Courses of Action Through Mid-1953"
7553371,263,fileUnit,Restricted - Partly,FOIA (b)(1) National Security,,,"10) SNIE 10-3/1-65, 18 Feb 65, Communist Reactions to possible US Courses of Action Against North Vietnam"
7327280,263,fileUnit,Restricted - Possibly,FOIA (b)(1) National Security,,,"NIE 11-13/1-62, 1 Aug 62, Soviet Intentions with Respect to Berlin"
7542538,263,fileUnit,Restricted - Partly,FOIA (b)(1) National Security,,,"55) NICM 83-10015, Aug 83, The Strategic Weapons Spiral: Soviet Reactions to US Initiatives?"
7579484,263,fileUnit,Restricted - Fully,FOIA (b)(1) National Security,,,"Letter to Kirk from Santiago Rey Thanking Kirk for Courtesies Extended, 1/11/57"
7579581,263,fileUnit,Restricted - Fully,FOIA (b)(1) National Security,,,"Letter to Mr. Clarendon from Kirk re: Fulbright Fellowship for Daughter of Mrs. Clavero, 12/5/61"
7327183,263,fileUnit,Restricted - Possibly,FOIA (b)(1) National Security,,,"NIE 11-14-66, 13 Mar 67, Capabilities of Soviet General Purpose Forces"
7327283,263,fileUnit,Restricted - Possibly,FOIA (b)(1) National Security,,,"NIE 11-67, 1 Jun 67, Soviet Military Research and Development"
7553353,263,fileUnit,Restricted - Partly,FOIA (b)(1) National Security,,,"119) SNIE 100-5-60, 22 Mar 60, The Soviet Attitude and Tactics on the Berlin Problem"
7553546,263,fileUnit,Restricted - Partly,FOIA (b)(1) National Security,,,"4) NIE 11-3-60, 29 Mar 60, Sino-Soviet Air Defense Capabilities Through Mid-1965"
1374884,263,fileUnit,Restricted - Partly,,,,"Verbelen, Robert"
5956136,263,series,Restricted - Fully,Other,,,Lincoln Station Administration Files
7327112,263,fileUnit,Restricted - Possibly,FOIA (b)(1) National Security,,,"NIE 11-4-64, 22 Apr 64, Main Trends in Soviet Military Policy"
7553489,263,fileUnit,Restricted - Partly,FOIA (b)(1) National Security,,,"22) NIE 11-8-61, 7 Jun 61, Soviet Capabilities for Long Range Attack"
7579547,263,fileUnit,Restricted - Fully,FOIA (b)(1) National Security,,,"Letter to Dulles from Kirk re: Program of Woodrow Wilson School for Federal Execs in Mid-Career, 8/9/62"
7327335,263,fileUnit,Restricted - Possibly,FOIA (b)(1) National Security,,,"NIE 11-18-85, Nov 85, Domestic Stresses on the Soviet System"
7579503,263,fileUnit,Restricted - Fully,FOIA (b)(1) National Security,,,"Letter to M. Lazo from Kirk re: Grave Concern at the Turn of Events in Cuba and Attached Reply, 1/13/59"
7542236,263,fileUnit,Restricted - Partly,FOIA (b)(1) National Security,,,"61) NIE 100-3-54, 23 Mar 54, Consequences of a Relaxation of Non-Communist Controls on Trade with the Soviet Bloc"
7542493,263,fileUnit,Restricted - Partly,FOIA (b)(1) National Security,,,"10) NIE 11-8/1-61, 21 Sept 61, Strength and Deployment of Soviet Long Range Ballistic Missile Forces"
7542529,263,fileUnit,Restricted - Partly,FOIA (b)(1) National Security,,,"46) NIE 11-14-75, 4 Sept 76, Warsaw Pact Forces Opposite NATO"
7553452,263,fileUnit,Restricted - Partly,FOIA (b)(1) National Security,,,"37) NIE 10-68, 4 Oct 68, Communist Military Assistance Programs in Less Developed Areas"
7579600,263,fileUnit,Restricted - Fully,FOIA (b)(1) National Security,,,"Note to Mr. Earman from LBK re: I Have Done Everything That I Can do in Regard, 2/23/62"
7326988,263,fileUnit,Restricted - Possibly,FOIA (b)(1) National Security,,,"NIE 11-7-66, 28 Apr 66, Trends in Soviet General Policies"
7327035,263,fileUnit,Restricted - Possibly,FOIA (b)(1) National Security,,,"NIE 12-61, 9 Nov 61, The Outlook in Eastern Europe"
7327052,263,fileUnit,Restricted - Possibly,FOIA (b)(1) National Security,,,"SNIE 11-5-64, 8 Jan 64, Soviet Economic Problems and Outlook"
7327255,263,fileUnit,Restricted - Possibly,FOIA (b)(1) National Security,,,"NI IIM 81-10001D, Jul 81, Soviet Civil Defense: Objectives, Pace, and Effectiveness"
7542622,263,fileUnit,Restricted - Partly,FOIA (b)(1) National Security,,,"NI IIM 82-10012, Nov 82, The Readiness of Soviet Ground Forces"
7553283,263,fileUnit,Restricted - Partly,FOIA (b)(1) National Security,,,"49) SE 47, 24 Jul 53, Probable Effect of Recent Developments in Eastern Germany on Soviet Policy with Respect to Germany"
7553651,263,fileUnit,Restricted - Partly,FOIA (b)(1) National Security,,,"50) NIE 11-3/8-84/85, 25 Apr 85, Soviet Capabilities for Strategic Nuclear Conflict Through the Mid-1990s"
7579460,263,fileUnit,Restricted - Fully,FOIA (b)(1) National Security,,,"Letter to Mrs. Baker from Kirk re: Sorry to Hear of John's Passing, 12/3/64"
7327070,263,fileUnit,Restricted - Possibly,FOIA (b)(1) National Security,,,"SNIE 11.1-72, 16 May 72, Security Conditions in the USSR, Poland, Austria, and Iran"
7327087,263,fileUnit,Restricted - Possibly,FOIA (b)(1) National Security,,,"SNIE 11-10-57, 10 Dec 57, The Soviet ICBM Program-Copy 2"
7542395,263,fileUnit,Restricted - Partly,FOIA (b)(1) National Security,,,"39) NIE 11-69, 27 Feb 69, Basic Factors and Main Tendencies in Current Soviet Policy"
7579610,263,fileUnit,Restricted - Fully,FOIA (b)(1) National Security,,,"Excerpt from a Think Piece, 7/15/63"
7542233,263,fileUnit,Restricted - Partly,FOIA (b)(1) National Security,,,"58) SNIE 11-2-54, 24 Feb 54, Soviet Capabilities for Attack on the US Through 1957"
7553441,263,fileUnit,Restricted - Partly,FOIA (b)(1) National Security,,,"26) SNIE 14.3-63, 26 Jun 63, The Impact of the Sino-Soviet Dispute on North Vietnam and Its Policies"
7553556,263,fileUnit,Restricted - Partly,FOIA (b)(1) National Security,,,"14) NIE 11-14-63, 8 Jan 64, Capabilities of the Soviet General Purpose Forces, 1963-1969"
7579485,263,fileUnit,Restricted - Fully,FOIA (b)(1) National Security,,,"Letter to S. Udall from Dulles re: Interest in Meeting Senior Officials, 4/23/61"
7326948,263,fileUnit,Restricted - Possibly,FOIA (b)(1) National Security,,,"SNIE 100-7-58, 22 Jul 58, Sino-Soviet and Free World Reactions to US Use of Nuclear Weapons in Limited Wars in the Far East"
7327199,263,fileUnit,Restricted - Possibly,FOIA (b)(1) National Security,,,"NIE 11-10-71, 15 Dec 71, The Uses of Soviet Military Power in Distant Areas"
7542656,263,fileUnit,Restricted - Partly,FOIA (b)(1) National Security,,,"NIE 11/70-85, Feb 85, Soviet Policies in Southern Africa"
7553412,263,fileUnit,Restricted - Partly,FOIA (b)(1) National Security,,,"51) SNIE 11/30-83, 8 Feb 83, Soviet Policy in the Middle East and South Asia Under Andropov"
7579494,263,fileUnit,Restricted - Fully,FOIA (b)(1) National Security,,,"Memo to IG re: Mario Lazo, 10/26/61"
7326933,263,fileUnit,Restricted - Possibly,FOIA (b)(1) National Security,,,"SNIE 11-9-56, 6 Nov 56, Sino-Soviet Intentions in the Suez Crisis"
7326984,263,fileUnit,Restricted - Possibly,FOIA (b)(1) National Security,,,"SNIE 10-9-65, 23 Jul 65, Communist and Free World Reactions to a Possible US Course of Action"
7327180,263,fileUnit,Restricted - Possibly,FOIA (b)(1) National Security,,,"NIE 11-11-66, 25 May 66, Impact of a Threshold Test Ban Treaty on Soviet Military Programs"
7542625,263,fileUnit,Restricted - Partly,FOIA (b)(1) National Security,,,"NI IIM 83-10002, Jul 83, Employment of Warsaw Pact Forces Against NATO"
7327155,263,fileUnit,Restricted - Possibly,FOIA (b)(1) National Security,,,"NIE 11-3/8-83, 6 Mar 84, Soviet Capabilities for Strategic Nuclear Conflict, 1983-93"
7327182,263,fileUnit,Restricted - Possibly,FOIA (b)(1) National Security,,,"NIE 11-14-66, 3 Nov 66, Capabilities of Soviet General Purpose Forces"
7542180,263,fileUnit,Restricted - Partly,FOIA (b)(1) National Security,,,"5) NIE 17, 27 Dec 50, Probable Soviet Reactions to a Remilitarization of Western Germany"
7542237,263,fileUnit,Restricted - Partly,FOIA (b)(1) National Security,,,"62) NIE 11-5-54, 7 Jun 54, Soviet Capabilities and Main Lines of Policy Through Mid-1959"
102260491,263,series,Restricted - Fully,FOIA (b)(1) National Security,,,Studies and Publications
7327029,263,fileUnit,Restricted - Possibly,FOIA (b)(1) National Security,,,"SNIE 11-9-61, 25 Apr 61, The Possibility of Soviet Nuclear Testing During the Moratorium"
7327341,263,fileUnit,Restricted - Possibly,FOIA (b)(1) National Security,,,"NIE 11-23-86, Sept 86, Implications of the Decline in Soviet Hard Currency Earnings"
7542499,263,fileUnit,Restricted - Partly,FOIA (b)(1) National Security,,,"16) SNIE 13-4-64, 26 Aug 64, The Chances of an Imminent Communist Chinese Nuclear Explosion"
7326955,263,fileUnit,Restricted - Possibly,FOIA (b)(1) National Security,,,"SNIE 100-7-59, 11 Jun 59, Soviet Tactics on Berlin"
7327205,263,fileUnit,Restricted - Possibly,FOIA (b)(1) National Security,,,"NIE 11-14-79, 31 Jan 79, Warsaw Pact Forces Opposite NATO"
7553280,263,fileUnit,Restricted - Partly,FOIA (b)(1) National Security,,,"46) NIE 87, 28 May 53, Probable Developments Within the European Satellites, Through Mid-1955"
7553311,263,fileUnit,Restricted - Partly,FOIA (b)(1) National Security,,,"77) NIE 11-8-55, 19 May 55, The Implications of the Austrian Treaty for the Policies of the USSR and Other States"
7553522,263,fileUnit,Restricted - Partly,FOIA (b)(1) National Security,,,"55) NIE 11-3-72, 20 Dec 73, Soviet Strategic Defenses"
7553735,263,fileUnit,Restricted - Partly,FOIA (b)(1) National Security,,,"NI IIA 87-10006JX, Mar 87, Soviet Short-Range Ballistic Missiles and the Impact of a Ban on Long-Range INF Missiles"
7542307,263,fileUnit,Restricted - Partly,FOIA (b)(1) National Security,,,"5) NIE 11-6-59, 21 Jul 59, Soviet Science and Technology"
7542615,263,fileUnit,Restricted - Partly,FOIA (b)(1) National Security,,,"NI IIM 80-10010JX, Jun 80, The Readiness of Soviet Naval Forces"
7553511,263,fileUnit,Restricted - Partly,FOIA (b)(1) National Security,,,"44) NIE 11-8-67, 26 Oct 67, Soviet Capabilities for Strategic Attack"
7553719,263,fileUnit,Restricted - Partly,FOIA (b)(1) National Security,,,"NI IIA 84-10012, 7 Aug 84, Soviet Policy Toward Lebanon"
7542212,263,fileUnit,Restricted - Partly,FOIA (b)(1) National Security,,,"37) SE 37, 9 Mar 53, Probable Effects on the Soviet Bloc of Certain Courses of Action Directed at the Internal and External Commerce of Communist China"
7542260,263,fileUnit,Restricted - Partly,FOIA (b)(1) National Security,,,"85) NIE 11-12-55, 20 Dec 55, Soviet Guided Missile Capabilities and Probable Programs"
7542381,263,fileUnit,Restricted - Partly,FOIA (b)(1) National Security,,,"25) SNIE 58-63, 18 Jun 63, Communist Reactions to US Actions Taken with Regard to Laos"
7542603,263,fileUnit,Restricted - Partly,FOIA (b)(1) National Security,,,"NIE 11-2-61, 5 Oct 61, The Soviet Atomic Energy Program"
7553373,263,fileUnit,Restricted - Partly,FOIA (b)(1) National Security,,,"12) SNIE 10-5-65, 28 Apr 65, Communist Reactions to Certain US Actions"
7326937,263,fileUnit,Restricted - Possibly,FOIA (b)(1) National Security,,,"SNIE 100-2-57, 28 May 57, Soviet Capabilities for Deception"
7542305,263,fileUnit,Restricted - Partly,FOIA (b)(1) National Security,,,"3) SNIE 11-8-58, 8 Jul 58, Implications of Current Soviet Conduct"
7542418,263,fileUnit,Restricted - Partly,FOIA (b)(1) National Security,,,"10) SNIE 11-7-58, 5 Jun 58, Strength and Composition of the Soviet Long Range Bomber Force"
7553389,263,fileUnit,Restricted - Partly,FOIA (b)(1) National Security,,,"28) NIE 12-72, 26 Oct 72, The USSR and the Changing Scene in Europe"
7579604,263,fileUnit,Restricted - Fully,FOIA (b)(1) National Security,,,"Letter to Sam Papich from Kirk re: A Book Titled The Quit Canadian, 3/18/63"
7327019,263,fileUnit,Restricted - Possibly,FOIA (b)(1) National Security,,,"SNIE 12.6-82, 1 Sept 82, Poland's Prospects Over the Next 12 to 18 Months"
7327212,263,fileUnit,Restricted - Possibly,FOIA (b)(1) National Security,,,"NICM  83-10015, Aug 83, The Strategic Weapons Spiral: Soviet Reactions to US Initiatives?"
7542299,263,fileUnit,Restricted - Partly,FOIA (b)(1) National Security,,,"124) NIE 10-61, 8 Aug 61, Authority and Control in the Communist Movement"
7579458,263,fileUnit,Restricted - Fully,FOIA (b)(1) National Security,,,"Letter to M. Miskovsky from Kirk re: Sorry to Miss Events Related to Your Departure from Agency, 8/21/64"
7327191,263,fileUnit,Restricted - Possibly,FOIA (b)(1) National Security,,,"SNIE 11-17-68, 8 Oct 68, Capabilities of the Warsaw Pact Against NATO"
7327285,263,fileUnit,Restricted - Possibly,FOIA (b)(1) National Security,,,"NIE 11/13-69, 12 Aug 69, The USSR and China"
7327322,263,fileUnit,Restricted - Possibly,FOIA (b)(1) National Security,,,"SNIE 11-6-76, 10 Feb 76, Implications of the 1975 Soviet Harvest"
7326942,263,fileUnit,Restricted - Possibly,FOIA (b)(1) National Security,,,"SNIE 11-7-57, 10 Dec 57, Feasibility and Likelihood of Soviet Evasion of a Nuclear Test Moratorium"
7553285,263,fileUnit,Restricted - Partly,FOIA (b)(1) National Security,,,"51) NIE 90, 18 Aug 53, Soviet Bloc Capabilities Through Mid-1955"
7553514,263,fileUnit,Restricted - Partly,FOIA (b)(1) National Security,,,"47) NIE 11-8-68, 3 Oct 68, Soviet Strategic Attack Forces"
7579654,263,fileUnit,Restricted - Fully,FOIA (b)(1) National Security,,,"FBI Invitation to Kirk for a Cocktail Party, 11/19/53"
1374869,263,fileUnit,Restricted - Partly,,,,"Trifa, Viorel"
7327217,263,fileUnit,Restricted - Possibly,FOIA (b)(1) National Security,,,"NIE 11-6-84, Nov 84, Soviet Global Military Reach"
7579464,263,fileUnit,Restricted - Fully,FOIA (b)(1) National Security,,,"Letter to Dulees from Kirk re: Protest Over Talking to Press re Breakdown on Security Separations, etc., 10/26/54"
7579539,263,fileUnit,Restricted - Fully,FOIA (b)(1) National Security,,,"Letter to Dulles re: Generous Gift to Educational Air Fund, 12/23/63"
102260457,263,series,Restricted - Fully,FOIA (b)(1) National Security,,,"Committees, Task Forces, Boards, and Councils Files"
5956131,263,series,Restricted - Fully,Other,,,Lincoln Station Scranton Files
7553316,263,fileUnit,Restricted - Partly,FOIA (b)(1) National Security,,,"82) SNIE 11-10-55, 2 Aug 55, Soviet Gross Capabilities for Attacks on the US and Key Overseas Installations and Forces in 1965"
7553544,263,fileUnit,Restricted - Partly,FOIA (b)(1) National Security,,,"2) NIE 11-58, 4 Mar 58, Possible Soviet Long Range Bomber Development, 1958-1962"
7326978,263,fileUnit,Restricted - Possibly,FOIA (b)(1) National Security,,,"SNIE 10-65, 4 Feb 65, Communist Military Capabilities and Near-Term Intentions in Laos and South Vietnam"
7542497,263,fileUnit,Restricted - Partly,FOIA (b)(1) National Security,,,"14) NIE 11-14-63, 8 Jan 64, Capabilities of the Soviet General Purpose Forces, 1963-1969"
7553587,263,fileUnit,Restricted - Partly,FOIA (b)(1) National Security,,,"45) NIE 11-15-74, 23 Dec 74, Soviet Naval Policy and Programs"
7553630,263,fileUnit,Restricted - Partly,FOIA (b)(1) National Security,,,"29) IIM 74-018, Oct 74, A Soviet Land-Mobile ICBM: Evidence of Development and Consideration Affecting a Decision on Deployment"
7326998,263,fileUnit,Restricted - Possibly,FOIA (b)(1) National Security,,,"NIE 12-72, 26 Oct 72, The USSR and the Changing Scene in Europe"
7327061,263,fileUnit,Restricted - Possibly,FOIA (b)(1) National Security,,,"SNIE 58-68, 21 Mar 68, Communist Intentions in Laos"
7542419,263,fileUnit,Restricted - Partly,FOIA (b)(1) National Security,,,"11) NIE 11-5-58, 19 Aug 58, Soviet Capabilities in Guided Missiles and Space Vehicles"
7542498,263,fileUnit,Restricted - Partly,FOIA (b)(1) National Security,,,"15) NIE 11-2-64, 16 Jul 64, The Soviet Atomic Energy Program"
7327077,263,fileUnit,Restricted - Possibly,FOIA (b)(1) National Security,,,"NICM  82-10007, May 82, Prospects for Sino-soviet Rapprochement"
7542321,263,fileUnit,Restricted - Partly,FOIA (b)(1) National Security,,,"19) NIE 11-15-66, 4 Aug 66, Reliability of the USSR's East European Allies"
7542455,263,fileUnit,Restricted - Partly,FOIA (b)(1) National Security,,,"47) NIE 11-8-68, 3 Oct 68, Soviet Strategic Attack Forces"
7542629,263,fileUnit,Restricted - Partly,FOIA (b)(1) National Security,,,"NI IIM 85-10008, Dec 85, Air Defense of the USSR"
7553663,263,fileUnit,Restricted - Partly,FOIA (b)(1) National Security,,,"NIE 11-13/1-62, 1 Aug 62, Soviet Intentions with Respect to Berlin"
7579623,263,fileUnit,Restricted - Fully,FOIA (b)(1) National Security,,,"Letter to Mr. Clarendon from Kirk re: Progress on Miss Clavero's Fulbright Application, 2/4/63"
1280601,263,series,Restricted - Partly,FOIA (b)(1) National Security,,,Information Reports Filed Under File Code OO-X
7326860,263,fileUnit,Restricted - Possibly,FOIA (b)(1) National Security,,,"SE 14, 23 Oct 51, Soviet Capabilities for a Military Attack on the United States Before July 1952"
7326889,263,fileUnit,Restricted - Possibly,FOIA (b)(1) National Security,,,"SE 47, 24 Jul 53, Probable Effect of Recent Developments in Eastern Germany on Soviet Policy with Respect to Germany"
7327014,263,fileUnit,Restricted - Possibly,FOIA (b)(1) National Security,,,"SNIE 12.6-81, 30 Jan 81, Poland's Prospects Over the Next Six Months"
7327119,263,fileUnit,Restricted - Possibly,FOIA (b)(1) National Security,,,"NIE 11-8-66, 20 Oct 66, Soviet Capabilities for Strategic Attack"
7327310,263,fileUnit,Restricted - Possibly,FOIA (b)(1) National Security,,,"NIE 13/11-84, 5 Apr 84, The Changing Sino-Soviet Relationship"
7327317,263,fileUnit,Restricted - Possibly,FOIA (b)(1) National Security,,,"IIR Nov 74, Prospects for Soviet Success in Improving Detection of Submarines in Open Ocean Areas"
7327331,263,fileUnit,Restricted - Possibly,FOIA (b)(1) National Security,,,"SNIE 11/34-4-80, 21 Aug 80, Soviet Military Options in Iran"
7542367,263,fileUnit,Restricted - Partly,FOIA (b)(1) National Security,,,"11) SNIE 11-7-62, 24 Jan 62, Probable Trends in Soviet Military Assistance"
7553358,263,fileUnit,Restricted - Partly,FOIA (b)(1) National Security,,,"124) NIE 10-61, 8 Aug 61, Authority and Control in the Communist Movement"
7553590,263,fileUnit,Restricted - Partly,FOIA (b)(1) National Security,,,"48) NIE 11-14-79, 31 Jan 79, Warsaw Pact Forces Opposite NATO"
7579557,263,fileUnit,Restricted - Fully,FOIA (b)(1) National Security,,,"Memo for DCI from Richard Bissell re: Mr. Barnes' Memo on the IG Survey of the Cuban Operation, 1/27/62"
1374832,263,fileUnit,Restricted - Partly,,,,"Stankiewicz, Stanislaw"
7326853,263,fileUnit,Restricted - Possibly,FOIA (b)(1) National Security,,,"SE 8, 6 Jul 51, Possible Communist Objectives in Proposing a Cease Fire in Korea"
7327068,263,fileUnit,Restricted - Possibly,FOIA (b)(1) National Security,,,"NIE 20-1-69, 4 Dec 69, Europe, the US and the USSR"
7327311,263,fileUnit,Restricted - Possibly,FOIA (b)(1) National Security,,,"NIE 13/11-84, Jun 85, The Changing Sino-Soviet Relationship - Memorandum to Holders"
7542354,263,fileUnit,Restricted - Partly,FOIA (b)(1) National Security,,,"52) NIE 11-3/8-82, 15 Feb 83, Soviet Capabilities for Strategic Nuclear Conflict, 1982-92"
7542460,263,fileUnit,Restricted - Partly,FOIA (b)(1) National Security,,,"52) NIE 11-4-72, 2 Mar 72, Issues and Options in Soviet Military Policy"
7553638,263,fileUnit,Restricted - Partly,FOIA (b)(1) National Security,,,"37) NIE 11-1-80, 6 Aug 80, Soviet Military Capabilities and Intentions in Space"
1374383,263,fileUnit,Restricted - Partly,,,,"Habich, Jakob"
7326864,263,fileUnit,Restricted - Possibly,FOIA (b)(1) National Security,,,"SE 20, 17 Dec 51, The Probable Consequences of Certain Possible US courses of Action with Respect to Communist China and Korea"
7542398,263,fileUnit,Restricted - Partly,FOIA (b)(1) National Security,,,"42) NIE 20-1-69, 4 Dec 69, Europe, the US and the USSR"
7553386,263,fileUnit,Restricted - Partly,FOIA (b)(1) National Security,,,"25) NIE 80/90-71, 29 Apr 71, The Soviet Role in Latin America"
7553479,263,fileUnit,Restricted - Partly,FOIA (b)(1) National Security,,,"12) Memo to Holders of NIE 11-5-58, 25 Nov 58"
7579609,263,fileUnit,Restricted - Fully,FOIA (b)(1) National Security,,,"Letter to A. Belmont from Kirk re: Appreciation for Informative Briefing, 8/16/60"
7326931,263,fileUnit,Restricted - Possibly,FOIA (b)(1) National Security,,,"SNIE 12-2-56, 30 Oct 56, Probable Developments in East Europe and Implications for Soviet Policy"
7327325,263,fileUnit,Restricted - Possibly,FOIA (b)(1) National Security,,,"NI IIM 77-011, Apr 77, The Emerging Role of the Soviet Merchant Fleet in World Shipping"
7542359,263,fileUnit,Restricted - Partly,FOIA (b)(1) National Security,,,"3) NIE 100-3-60, 9 Aug 60, Sino-Soviet Relations"
7542372,263,fileUnit,Restricted - Partly,FOIA (b)(1) National Security,,,"16) NIE 11-6-62, 28 May 62, Trends in Soviet Science and Technology"
7542386,263,fileUnit,Restricted - Partly,FOIA (b)(1) National Security,,,"30) NIE 15-67, 13 Apr 67, The Yugoslav Experiment"
7553321,263,fileUnit,Restricted - Partly,FOIA (b)(1) National Security,,,"87) NIE 11-3-56, 28 Feb 56, Probable Short-Term Communist Capabilities and Intentions Regarding Berlin"
1284073,263,series,Restricted - Partly,FOIA (b)(1) National Security,,,Surveys and Abstracts
7327096,263,fileUnit,Restricted - Possibly,FOIA (b)(1) National Security,,,"NIE 11-4-59, 9 Feb 60, Main Trends in Soviet Capabilities and Policies, 1959-1964"
7542660,263,fileUnit,Restricted - Partly,FOIA (b)(1) National Security,,,"SNIE 97-85, Nov 85, Peru: Prospects for Increased Soviet Bloc Influence"
7553338,263,fileUnit,Restricted - Partly,FOIA (b)(1) National Security,,,"104) NIE 100-4-58, 15 Apr 58, Probable Sino-Soviet Reactions to US Deployment of IRBMs on the Soviet Bloc Periphery"
7579475,263,fileUnit,Restricted - Fully,FOIA (b)(1) National Security,,,"Letter from Mr./Mrs. Hollingsworth to Kirk re: Scholarships, 12/24/60"
7327166,263,fileUnit,Restricted - Possibly,FOIA (b)(1) National Security,,,"Memo to Holders of Annexes A and B of NIE 11-4-61, Main Trends in Soviet Capabilities and Policies, 1961-1966"
7327264,263,fileUnit,Restricted - Possibly,FOIA (b)(1) National Security,,,"NIE 11-1/7-84, Nov 84, Potential for the Transfer of US Space Technology to the Soviet Union"
7542206,263,fileUnit,Restricted - Partly,FOIA (b)(1) National Security,,,"31) SE 30, 5 Jun 52, Probable Soviet courses of Action with Respect to Berlin Through Mid-1953"
7553297,263,fileUnit,Restricted - Partly,FOIA (b)(1) National Security,,,"63) SNIE 10-4-54, 15 Jun 54, Communist Reactions to Certain US Courses of Action with Respect to Indochina"
7553416,263,fileUnit,Restricted - Partly,FOIA (b)(1) National Security,,,"1) NIE 100-57, 26 Mar 57, Sino-Soviet Foreign Economic Policies and Their Probable Effects in Underdeveloped Areas"
7553650,263,fileUnit,Restricted - Partly,FOIA (b)(1) National Security,,,"49) NIE 11-1-85J, Dec 85, Soviet Space Programs"
102260488,263,series,Restricted - Fully,FOIA (b)(1) National Security,,,Research and Development Project Case Files
7542177,263,fileUnit,Restricted - Partly,FOIA (b)(1) National Security,,,"2) NIE 2/2, 27 Nov 50, Soviet Participation in the Air Defense of Manchuria"
7553512,263,fileUnit,Restricted - Partly,FOIA (b)(1) National Security,,,"45) NIE 11-3-67, 9 Nov 67, Soviet Strategic Air and Missile Defenses"
1374603,263,fileUnit,Restricted - Partly,,,,"Maikovskis, Boleslava"
7327324,263,fileUnit,Restricted - Possibly,FOIA (b)(1) National Security,,,"NI IIM 76-035, 2 Aug 76, Prospects for Soviet Naval Access to Mediterranean Shore Facilities"
7542178,263,fileUnit,Restricted - Partly,FOIA (b)(1) National Security,,,"3) NIE 11, 5 Dec 50, Soviet Intentions in the Current Situation"
7542400,263,fileUnit,Restricted - Partly,FOIA (b)(1) National Security,,,"44) SNIE 11.1-72, 16 May 72, Security Conditions in the USSR, Poland, Austria, and Iran"
7553257,263,fileUnit,Restricted - Partly,FOIA (b)(1) National Security,,,"23) NIE 55, 7 Dec 51, Communist Capabilities and Probable Courses of Action in Korea Through Mid-1952"
7553687,263,fileUnit,Restricted - Partly,FOIA (b)(1) National Security,,,"SNIE 71/11-85, Oct 85, Soviet Military Support to Angola: Intentions and Prospects"
7579551,263,fileUnit,Restricted - Fully,FOIA (b)(1) National Security,,,"Memo to Honorable McGeorge Bundy, The White House, from Kirk; 10/3/61"
25777974,263,series,Restricted - Partly,FOIA (b)(1) National Security,,,Daily Reports
7542513,263,fileUnit,Restricted - Partly,FOIA (b)(1) National Security,,,"30) NIE 11-14-67, 9 May 68, Soviet and East European General Purpose Forces"
7542526,263,fileUnit,Restricted - Partly,FOIA (b)(1) National Security,,,"43) NIE 11-14-71, 10 Aug 72, Warsaw Pact Forces for Operations in Eurasia"
7553673,263,fileUnit,Restricted - Partly,FOIA (b)(1) National Security,,,"NI IIM 78-10024, 14 Nov 78, Sino-Soviet Competition in Indochina"
7579564,263,fileUnit,Restricted - Fully,FOIA (b)(1) National Security,,,"Memo to DCI from Kirk re: Report on the Cuban Operation, 12/1/61"
102260471,263,series,Restricted - Fully,FOIA (b)(1) National Security,,,Intelligence Reports
7542547,263,fileUnit,Restricted - Partly,FOIA (b)(1) National Security,,,"5) SNIE 100-5-57, 19 Mar 57, Probable World Reaction to Certain Civil Defense Programs"
7542571,263,fileUnit,Restricted - Partly,FOIA (b)(1) National Security,,,"29) IIM 74-018, Oct 74, A Soviet Land-Mobile ICBM: Evidence of Development and Consideration Affecting a Decision on Deployment"
7542585,263,fileUnit,Restricted - Partly,FOIA (b)(1) National Security,,,"43) NIE 11-1-83, 19 Jul 83, The Soviet Space Program"
1374527,263,fileUnit,Restricted - Partly,,,,"Kovacs, Janos"
7327016,263,fileUnit,Restricted - Possibly,FOIA (b)(1) National Security,,,"SNIE 11/32-81, 12 Aug 81, The Soviet Threat to Pakistan"
7327173,263,fileUnit,Restricted - Possibly,FOIA (b)(1) National Security,,,"SNIE 13-4-64, 26 Aug 64, The Chances of an Imminent Communist Chinese Nuclear Explosion"
7327174,263,fileUnit,Restricted - Possibly,FOIA (b)(1) National Security,,,"NIE 11-14-64, 10 Dec 64, Capabilities of soviet General Purpose Forces, 1964-1970"
7553317,263,fileUnit,Restricted - Partly,FOIA (b)(1) National Security,,,"83) NIE 11-13-55, 4 Oct 55, Soviet Foreign Policy in the Light of the Summit Conference"
7327169,263,fileUnit,Restricted - Possibly,FOIA (b)(1) National Security,,,"NIE 11-3-62, 20 Nov 63, Soviet bloc Air and Missile Defense Capabilities Through Mid-1967"
7542199,263,fileUnit,Restricted - Partly,FOIA (b)(1) National Security,,,"24) SE 20, 17 Dec 51, The Probable Consequences of Certain Possible US courses of Action with Respect to Communist China and Korea"
7542507,263,fileUnit,Restricted - Partly,FOIA (b)(1) National Security,,,"24) NIE 11-4-66, 16 Jun 66, Main Trends in Soviet Military Policy"
7542545,263,fileUnit,Restricted - Partly,FOIA (b)(1) National Security,,,"3) SNIE 11-9-55, 28 Jun 55, Clandestine Introduction of Nuclear Weapons Under Diplomatic Immunity"
7542602,263,fileUnit,Restricted - Partly,FOIA (b)(1) National Security,,,"NIE 11-6-56, 9 Oct 56, Capabilities and Trends of Soviet Science and Technology"
7553459,263,fileUnit,Restricted - Partly,FOIA (b)(1) National Security,,,"44) SNIE 11.1-72, 16 May 72, Security Conditions in the USSR, Poland, Austria, and Iran"
7553716,263,fileUnit,Restricted - Partly,FOIA (b)(1) National Security,,,"SNIE 83.3-3-85, Mar 85, Nicaragua: Soviet Bloc and Radical Support for the Sandinista Regime"
7579549,263,fileUnit,Restricted - Fully,FOIA (b)(1) National Security,,,"Memo to Mr. Bromley Smith, The White House, from Kirk; 11/17/61"
7579616,263,fileUnit,Restricted - Fully,FOIA (b)(1) National Security,,,"Letter to Kirk from Hoover re: Thoughtfulness in Writing About Meetings with J. Wachter and J Speakes, 9/19/58"
7327006,263,fileUnit,Restricted - Possibly,FOIA (b)(1) National Security,,,"NIE 11/12-73, 7 May 74, Memorandum to Holders - Soviet and East European Attitudes Toward MBFR (Mutual and Balanced Force Reductions"
7327248,263,fileUnit,Restricted - Possibly,FOIA (b)(1) National Security,,,"NIO IIM  76-016, Apr 76, The Soviet Stationary Satellite Communications System: Implications for INTELSAT"
7542255,263,fileUnit,Restricted - Partly,FOIA (b)(1) National Security,,,"80) NIE 11-6-55, 1 July 55, Probable Intelligence Warning of Soviet Attack on the US Through Mid-1958"
7542439,263,fileUnit,Restricted - Partly,FOIA (b)(1) National Security,,,"31) NIE 11-9-63, 15 Jul 63, Soviet Capabilities and Intentions to Orbit Nuclear Weapons"
7553356,263,fileUnit,Restricted - Partly,FOIA (b)(1) National Security,,,"122) SNIE 2-2-61, 11 Jul 61, Soviet and Other Reactions to Possible US Courses of Action with Respect to Berlin"
7327163,263,fileUnit,Restricted - Possibly,FOIA (b)(1) National Security,,,"NIE 11-5-61, 25 Apr 61, Soviet Technical Capabilities in Guided Missiles and Space Vehicles"
7542241,263,fileUnit,Restricted - Partly,FOIA (b)(1) National Security,,,"66) NIE 11-4-54, 14 Sept 54, Soviet Capabilities and Probable Courses of Action Through Mid-1959"
7542576,263,fileUnit,Restricted - Partly,FOIA (b)(1) National Security,,,"34) NIO IIM 76-041, Nov 76, Soviet Civil Defense"
7542626,263,fileUnit,Restricted - Partly,FOIA (b)(1) National Security,,,"NIE 11-12-83, 14 Dec 83, Prospects for Soviet Military Technology and Research and Development"
7579565,263,fileUnit,Restricted - Fully,FOIA (b)(1) National Security,,,"MFR from C.P. Cabell re: IG's Report on Cuba, 11/28/61"
4509736,263,series,Restricted - Possibly,,,,Records Relating to Communications
7579661,263,fileUnit,Restricted - Fully,FOIA (b)(1) National Security,,,"Letter to Kirk from D. Milton Ladd re: Terribly Sorry to Hear of Your Illness, 7/30/52"
1374819,263,fileUnit,Restricted - Partly,,,,"Soobzokov, Tscherim"
7542467,263,fileUnit,Restricted - Partly,FOIA (b)(1) National Security,,,"59) NIE 11-3/8-74, 11 Nov 74, Soviet Forces for Intercontinental Conflict Through 1985"
7553325,263,fileUnit,Restricted - Partly,FOIA (b)(1) National Security,,,"91) SNIE 11-8-56, 6 Nov 56, Likelihood of Soviet Violation of Austrian Neutrality"
7553347,263,fileUnit,Restricted - Partly,FOIA (b)(1) National Security,,,"113) SNIE 100-7-59, 11 Jun 59, Soviet Tactics on Berlin"
7553573,263,fileUnit,Restricted - Partly,FOIA (b)(1) National Security,,,"31) Memo to Holders of NIE 11-6-67, Soviet Strategy and Intentions in the Mediterranean Basin and SNIE 11-9-68, Soviet Interests and Activities in Arab States"
7327250,263,fileUnit,Restricted - Possibly,FOIA (b)(1) National Security,,,"NIO IIM  76-039J, Oct 76, Trends in Soviet Military Programs"
7327304,263,fileUnit,Restricted - Possibly,FOIA (b)(1) National Security,,,"SNIE 71/11-85, Oct 85, Soviet Military Support to Angola: Intentions and Prospects"
7326953,263,fileUnit,Restricted - Possibly,FOIA (b)(1) National Security,,,"NIE 100-5-59, 3 Feb 59, Implications for the Free World and the Communist Bloc of Growing Nuclear Capabilities"
7542511,263,fileUnit,Restricted - Partly,FOIA (b)(1) National Security,,,"28) SNIE 4-1-67, 6 Jul 67, Implications of a Mutual Reduction of US and Soviet Forces in Europe"
7542588,263,fileUnit,Restricted - Partly,FOIA (b)(1) National Security,,,"46) NIE 11-1/7-84, Nov 84, Potential for the Transfer of US Space Technology to the Soviet Union"
7553310,263,fileUnit,Restricted - Partly,FOIA (b)(1) National Security,,,"76) NIE 11-3-55, 17 May 55, Soviet Capabilities and Probable Soviet Courses of Action Through 1960"
7553508,263,fileUnit,Restricted - Partly,FOIA (b)(1) National Security,,,"41) NIE 11-3-66, 17 Nov 66, Soviet Strategic Air and Missile Defenses"
7579481,263,fileUnit,Restricted - Fully,FOIA (b)(1) National Security,,,"Letter to R. Wiggins from Kirk re: Most Recent Development in Efforts to Find Gainful Work for an Individual, 6/20/60"
7579532,263,fileUnit,Restricted - Fully,FOIA (b)(1) National Security,,,"Letter to Dulles from Kirk re: Representative of US Shipping Board Predicting Pearl Harbor, 5/27/65"
7542263,263,fileUnit,Restricted - Partly,FOIA (b)(1) National Security,,,"88) SNIE 100-4-56, 10 Apr 56, Possibility of Chinese Communist Military Action Against Certain Offshore Islands"
7542411,263,fileUnit,Restricted - Partly,FOIA (b)(1) National Security,,,"3) SNIE 11-6-57, 10 Jan 57, Soviet Gross Capabilities for Attack on the Continental US in Mid-1960"
7327089,263,fileUnit,Restricted - Possibly,FOIA (b)(1) National Security,,,"NIE 11-5-58, 19 Aug 58, Soviet Capabilities in Guided Missiles and Space Vehicles"
7327139,263,fileUnit,Restricted - Possibly,FOIA (b)(1) National Security,,,"NIE 11-3/8-74, 11 Nov 74, Soviet Forces for Intercontinental Conflict Through 1985"
7327278,263,fileUnit,Restricted - Possibly,FOIA (b)(1) National Security,,,"NIE 11-6-56, 9 Oct 56, Capabilities and Trends of Soviet Science and Technology"
7542211,263,fileUnit,Restricted - Partly,FOIA (b)(1) National Security,,,"36) SE 36, 5 Mar 53, Soviet Capabilities for Attack on the US Through Mid-1955"
7553296,263,fileUnit,Restricted - Partly,FOIA (b)(1) National Security,,,"62) NIE 11-5-54, 7 Jun 54, Soviet Capabilities and Main Lines of Policy Through Mid-1959"
7553660,263,fileUnit,Restricted - Partly,FOIA (b)(1) National Security,,,"IIM, Nov 75, Soviet Dependence on Space Systems"
7579612,263,fileUnit,Restricted - Fully,FOIA (b)(1) National Security,,,"Memo for Chief, Staff C From Kirk re: Items on the CIA Agenda for the Monthly Meeting with the FBI, 4/9/52"
7326863,263,fileUnit,Restricted - Possibly,FOIA (b)(1) National Security,,,"NIE 55, 7 Dec 51, Communist Capabilities and Probable Courses of Action in Korea Through Mid-1952"
7327033,263,fileUnit,Restricted - Possibly,FOIA (b)(1) National Security,,,"SNIE 11-10/1-61, 5 October 1961, Soviet Tactics in the Berlin Crisis"
7542324,263,fileUnit,Restricted - Partly,FOIA (b)(1) National Security,,,"22) NIE 11-6-70, 5 Mar 70, Soviet Policies in the Middle East and Mediterranean Area"
7542452,263,fileUnit,Restricted - Partly,FOIA (b)(1) National Security,,,"44) NIE 11-8-67, 26 Oct 67, Soviet Capabilities for Strategic Attack"
7553553,263,fileUnit,Restricted - Partly,FOIA (b)(1) National Security,,,"11) Memo to Holders of Annexes A and B of NIE 11-4-61, Main Trends in Soviet Capabilities and Policies, 1961-1966"
7553717,263,fileUnit,Restricted - Partly,FOIA (b)(1) National Security,,,"NIE 11-18-85, Nov 85, Domestic Stresses on the Soviet System"
7579627,263,fileUnit,Restricted - Fully,FOIA (b)(1) National Security,,,"Letter to Mr. Clarendon from Kirk re: Steps to Get Fulbright Scholarship for Miss Clavero, 11/3/62"
7326901,263,fileUnit,Restricted - Possibly,FOIA (b)(1) National Security,,,"NIE 10-2-54, 15 Mar 54, Communist Courses of Action in Asia Through Mid-1955"
7542369,263,fileUnit,Restricted - Partly,FOIA (b)(1) National Security,,,"13) NIE 11-5-62, 21 Feb 62, Political Developments in the USSR and the Communist World"
7553246,263,fileUnit,Restricted - Partly,FOIA (b)(1) National Security,,,"12) SE 7, 15 Jun 51, Probable Soviet Reaction to the Inclusion of Greece and Turkey in Western Defense Agreements"
7553362,263,fileUnit,Restricted - Partly,FOIA (b)(1) National Security,,,"1) NIE 29, 20 Mar 51, Probability of an Invasion of Yugoslavia in 1951"
1374235,263,fileUnit,Restricted - Partly,,,,"Braun, Wernher von"
7327092,263,fileUnit,Restricted - Possibly,FOIA (b)(1) National Security,,,"NIE 11-5-59, 8 Sept 59, Soviet Capabilities in Guided Missiles and Space Vehicles"
7327123,263,fileUnit,Restricted - Possibly,FOIA (b)(1) National Security,,,"NIE 11-4-67, 20 Jul 67, Main Trends in Soviet Military Policy"
7327192,263,fileUnit,Restricted - Possibly,FOIA (b)(1) National Security,,,"NIE 11-3-68, 31 Oct 68, Soviet Strategic Air and Missile Defenses"
7327267,263,fileUnit,Restricted - Possibly,FOIA (b)(1) National Security,,,"NIE 11-1-85J, Dec 85, Soviet Space Programs"
7326887,263,fileUnit,Restricted - Possibly,FOIA (b)(1) National Security,,,"NIE 65, 16 Jun 53, Soviet Bloc Capabilities Through 1957"
7542454,263,fileUnit,Restricted - Partly,FOIA (b)(1) National Security,,,"46) NIE 11-4-68, 19 Sept 68, Main Issues in Soviet Military Policy"
7579571,263,fileUnit,Restricted - Fully,FOIA (b)(1) National Security,,,"Letter to Stuart Hedden (First CIA IG) re: Being Back on the Job, 4/9/53"
305945,263,series,Restricted - Partly,FOIA (b)(1) National Security; FOIA (b)(1) National Security,1929,2015,Published Maps
7326880,263,fileUnit,Restricted - Possibly,FOIA (b)(1) National Security,,,"SE 41, 8 Apr 53, Probable Communist Reactions to Certain Possible UN/US Military Courses of Action with Respect to the Korean War"
7542469,263,fileUnit,Restricted - Partly,FOIA (b)(1) National Security,,,"61) NIE 11-3/8-76, 21 Dec 76, Soviet Forces for Intercontinental Conflict Through the Mid-1980s"
7542556,263,fileUnit,Restricted - Partly,FOIA (b)(1) National Security,,,"14) NIE 11-10-66, 18 Aug 66, Warning of Soviet Intention to Attack"
7553520,263,fileUnit,Restricted - Partly,FOIA (b)(1) National Security,,,"53) NIE 11-8-72, 26 Oct 72, Soviet Forces for Intercontinental Attack"
7553604,263,fileUnit,Restricted - Partly,FOIA (b)(1) National Security,,,"3) SNIE 11-9-55, 28 Jun 55, Clandestine Introduction of Nuclear Weapons Under Diplomatic Immunity"
7542275,263,fileUnit,Restricted - Partly,FOIA (b)(1) National Security,,,"100) SNIE 11-7-57, 10 Dec 57, Feasibility and Likelihood of Soviet Evasion of a Nuclear Test Moratorium"
7542672,263,fileUnit,Restricted - Partly,FOIA (b)(1) National Security,,,"NIE 11-12-87/I, Jul 87, Management and Development of Soviet Military Technology"
7553415,263,fileUnit,Restricted - Partly,FOIA (b)(1) National Security,,,"NIE 11-3/8-82, 15 Feb 83, Soviet Capabilities for Strategic Nuclear Conflict, 1982-92"
7326946,263,fileUnit,Restricted - Possibly,FOIA (b)(1) National Security,,,"NIE 100-4-58, 15 Apr 58, Probable Sino-Soviet Reactions to US Deployment of IRBMs on the Soviet Bloc Periphery"
7327084,263,fileUnit,Restricted - Possibly,FOIA (b)(1) National Security,,,"SNIE 11-8-57, 18 Sept 57, Evaluation of Evidence Concerning Soviet ICBM Flight Tests"
7542519,263,fileUnit,Restricted - Partly,FOIA (b)(1) National Security,,,"36) NIE 11-14-68, 12 Dec 68, Soviet and East European General Purpose Forces"
7553634,263,fileUnit,Restricted - Partly,FOIA (b)(1) National Security,,,"33) NIO IIM 76-039J, Oct 76, Trends in Soviet Military Programs"
7579498,263,fileUnit,Restricted - Fully,FOIA (b)(1) National Security,,,"Letter to M. Lazo from Kirk re: Wanting to Drop a Line at Christmas, 2/6/63"
7579586,263,fileUnit,Restricted - Fully,FOIA (b)(1) National Security,,,"Letter to Hoover from Dulles re: True Magazine Article, 8/27/59"
7579628,263,fileUnit,Restricted - Fully,FOIA (b)(1) National Security,,,"Letter to Mr. Clarendon from Kirk re: Belief that Miss Clavero Would Get Scholarship, 12/6/62"
7327245,263,fileUnit,Restricted - Possibly,FOIA (b)(1) National Security,,,"NIAM  11-9-74, 23 May 74, Soviet Détente Policy"
7553250,263,fileUnit,Restricted - Partly,FOIA (b)(1) National Security,,,"16) NIE 31, 4 Sept 51, Soviet Capabilities for Clandestine Attack Against the US with Weapons of Mass Destruction and the Vulnerability of the US to Such Attack (mid-1951 to mid-1952)"
7553408,263,fileUnit,Restricted - Partly,FOIA (b)(1) National Security,,,"47) NIE 11/4-82, 10 Aug 82, The Soviet Challenge to US Security Interests"
7553644,263,fileUnit,Restricted - Partly,FOIA (b)(1) National Security,,,"43) NIE 11-1-83, 19 Jul 83, The Soviet Space Program"
7326966,263,fileUnit,Restricted - Possibly,FOIA (b)(1) National Security,,,"NIE 10-61, 8 Aug 61, Authority and Control in the Communist Movement"
7327142,263,fileUnit,Restricted - Possibly,FOIA (b)(1) National Security,,,"NIE 11-4-77, 12 Jan 77, Soviet Strategic Objectives"
7327323,263,fileUnit,Restricted - Possibly,FOIA (b)(1) National Security,,,"NI IIM 76-013C, Mar 76, Soviet and Cuban Aid to the MPLA in Angola During February 1976"
7542329,263,fileUnit,Restricted - Partly,FOIA (b)(1) National Security,,,"27) SNIE 11.1-72, 16 May 72, Security Conditions in the USSR, Poland, Austria, and Iran"
7542611,263,fileUnit,Restricted - Partly,FOIA (b)(1) National Security,,,"NIO IIM 76-012J, Mar 76, Soviet Approaches to Defense Against Ballistic Missile Submarines and Prospects for Success"
7553574,263,fileUnit,Restricted - Partly,FOIA (b)(1) National Security,,,"32) SNIE 11-13-68, 18 Jul 68, US Intelligence Capabilities to Monitor Certain Limitations on Soviet Strategic Weapons Programs"
7579649,263,fileUnit,Restricted - Fully,FOIA (b)(1) National Security,,,Note re: Being Called to the Attention of the DCI by Secretary of Labor
7326952,263,fileUnit,Restricted - Possibly,FOIA (b)(1) National Security,,,"SNIE 100-13-58, 23 Dec 58, Soviet Objectives in the Berlin Crisis"
7327162,263,fileUnit,Restricted - Possibly,FOIA (b)(1) National Security,,,"SNIE 100-6-60, 9 Aug 60, Probable Reactions to US Reconnaissance Satellite Programs"
7327328,263,fileUnit,Restricted - Possibly,FOIA (b)(1) National Security,,,"NIE 11-7-83, 14 Dec 83, Soviet Energy Prospects Into the 1990s"
7553284,263,fileUnit,Restricted - Partly,FOIA (b)(1) National Security,,,"50) SE 36/1, 3 Aug 53, Soviet Capabilities for Attack on the US Through Mid-1955"
7579486,263,fileUnit,Restricted - Fully,FOIA (b)(1) National Security,,,"Memo to DCI from Kirk re: Undersecretary Carr Expressing an Interest in Language Training, 4/21/61"
7326870,263,fileUnit,Restricted - Possibly,FOIA (b)(1) National Security,,,"NIE 53/1, 1 May 52, Review of Probable Soviet Courses of Action with Respect to Germany During 1952, in the Light of Recent Soviet Moves"
7553379,263,fileUnit,Restricted - Partly,FOIA (b)(1) National Security,,,"18) NIE 11-7-66, 28 Apr 66, Trends in Soviet General Policies"
7553429,263,fileUnit,Restricted - Partly,FOIA (b)(1) National Security,,,"14) NIE 11-9-62, 2 May 62, Trends in Soviet Foreign Policy"
7326877,263,fileUnit,Restricted - Possibly,FOIA (b)(1) National Security,,,"SE 37, 9 Mar 53, Probable Effects on the Soviet Bloc of Certain Courses of Action Directed at the Internal and External Commerce of Communist China"
7327117,263,fileUnit,Restricted - Possibly,FOIA (b)(1) National Security,,,"Memo to Holders of NIE 11-4-65 and NIE 11-5-65, 5 Aug 65, Main Trends in Soviet Military Policy, Soviet Economic Problems, and Prospects"
7327231,263,fileUnit,Restricted - Possibly,FOIA (b)(1) National Security,,,"NIE 11-10-66, 18 Aug 66, Warning of Soviet Intention to Attack"
7327274,263,fileUnit,Restricted - Possibly,FOIA (b)(1) National Security,,,"SNIE 11-16-85, Mar 85, Soviet Strategic and Political Objectives in Arms Control in 1985"
7542642,263,fileUnit,Restricted - Partly,FOIA (b)(1) National Security,,,"SNIE 11/30-1-75, 30 Jan 75, Possible Soviet Military Intervention in a Syria-Israeli War"
7553339,263,fileUnit,Restricted - Partly,FOIA (b)(1) National Security,,,"105) SNIE 11-6-58, 24 Jun 58, The Soviet Attitude Toward Disarmament"
7579473,263,fileUnit,Restricted - Fully,FOIA (b)(1) National Security,,,"Letter from Mrs. Hollingsworth to Kirk re: Inability to Help with Education Aid Along with Attached Letter, 10/31/60"
7553261,263,fileUnit,Restricted - Partly,FOIA (b)(1) National Security,,,"27) NIE 53, 19 Feb 52, Probable Soviet Courses of Action with Respect to Germany During 1952"
7553693,263,fileUnit,Restricted - Partly,FOIA (b)(1) National Security,,,"NIE 13/11-84, 5 Apr 84, The Changing Sino-Soviet Relationship"
25777721,263,series,Restricted - Partly,FOIA (b)(1) National Security,,,Soviet and Communist Asian Industrial Plant Supplements and Issuances
1280598,263,series,Restricted - Partly,FOIA (b)(1) National Security,,,Information Reports Filed Under File Code OO-UC
7327346,263,fileUnit,Restricted - Possibly,FOIA (b)(1) National Security,,,"NIE 11-3/8-87W, Jul 87, Soviet Forces and Capabilities for Strategic Nuclear Conflict Through the Late 1990s"
7327350,263,fileUnit,Restricted - Possibly,FOIA (b)(1) National Security,,,"NIE 11/70-85, Feb 87, Soviet and Cuban Objectives and Activity in Southern Africa Through 1988"
7542249,263,fileUnit,Restricted - Partly,FOIA (b)(1) National Security,,,"74) NIE 12.5-55, 29 Mar 55, Current Situation and Probable Developments in Hungary"
601879,263,series,Restricted - Partly,FOIA (b)(1) National Security,,,Daily Reports
7326986,263,fileUnit,Restricted - Possibly,FOIA (b)(1) National Security,,,"SNIE 10-11-65 22 Sept 65, Probable Communist Reactions to a US Course of Action"
7327005,263,fileUnit,Restricted - Possibly,FOIA (b)(1) National Security,,,"NIE 11/13/6-73, 25 Oct 73, Possible Changes in the Sino-Soviet Relationship"
7327079,263,fileUnit,Restricted - Possibly,FOIA (b)(1) National Security,,,"NIE 11-56, 6 Mar 56, Soviet Gross Capabilities for Attack on the US and Key Overseas Installations and Forces Through Mid-1959"
7327272,263,fileUnit,Restricted - Possibly,FOIA (b)(1) National Security,,,"NIE 11-1-83JX, 19 Jul 83, The Soviet Space Program"
7542179,263,fileUnit,Restricted - Partly,FOIA (b)(1) National Security,,,"4) NIE 15, 11 Dec 50, Probable Soviet Moves to Exploit the Present Situation"
7553679,263,fileUnit,Restricted - Partly,FOIA (b)(1) National Security,,,"NI IIM 81-10001JX, Apr 82, The Readiness of Soviet Air Forces"
5956120,263,series,Restricted - Fully,Other,,,Headquarters Incoming Cables Relating to PBSUCCESS
5956137,263,series,Restricted - Fully,Other,,,Lincoln Station Communications Files
7327064,263,fileUnit,Restricted - Possibly,FOIA (b)(1) National Security,,,"NIE 11-69, 27 Feb 69, Basic Factors and Main Tendencies in Current Soviet Policy"
7327100,263,fileUnit,Restricted - Possibly,FOIA (b)(1) National Security,,,"NIE 11-8-61, 7 Jun 61, Soviet Capabilities for Long Range Attack"
7327262,263,fileUnit,Restricted - Possibly,FOIA (b)(1) National Security,,,"NIE 11-1-83 - Volume I-Key Judgments and Summary, 19 Jul 83, The Soviet Space Program"
7327327,263,fileUnit,Restricted - Possibly,FOIA (b)(1) National Security,,,"NI IIM 82-10003, 7 Apr 82, Moscow and the Namibia Peace Process"
7553367,263,fileUnit,Restricted - Partly,FOIA (b)(1) National Security,,,"6) SNIE 12.4-60, 3 May 60, The Situation and Prospects in East Germany"
7553534,263,fileUnit,Restricted - Partly,FOIA (b)(1) National Security,,,"67) NIE 11-3/8-79, 17 Mar 80, Soviet Capabilities for Strategic Nuclear Conflict Through the 1980s"
7553537,263,fileUnit,Restricted - Partly,FOIA (b)(1) National Security,,,"70) SNIE 11-4/2-81, 6 Oct 81, Soviet Potential to Respond to US Strategic Force Improvements and Foreign Relations"
7326897,263,fileUnit,Restricted - Possibly,FOIA (b)(1) National Security,,,"SNIE 11-54, 15 Feb 54, Likelihood of General War Through 1957"
7553274,263,fileUnit,Restricted - Partly,FOIA (b)(1) National Security,,,"40) SE 41, 8 Apr 53, Probable Communist Reactions to Certain Possible UN/US Military Courses of Action with Respect to the Korean War"
7553302,263,fileUnit,Restricted - Partly,FOIA (b)(1) National Security,,,"68) SNIE 11-8-54, 14 Sept 54, Probable Warning of Soviet Attack on the US Through Mid-1957"
7553499,263,fileUnit,Restricted - Partly,FOIA (b)(1) National Security,,,"32) NIE 11-8-63, 18 Oct 63, Soviet Capabilities for Strategic Attack"
7579597,263,fileUnit,Restricted - Fully,FOIA (b)(1) National Security,,,"Memo for J. Patrick Coyne from Kirk re: Per Our Discussions, 2/11/60"
1412083,263,series,Restricted - Partly,FOIA (b)(1) National Security,1940,1957,War Document Project Records
7326945,263,fileUnit,Restricted - Possibly,FOIA (b)(1) National Security,,,"NIE 10-58, 4 Mar 58, Anti-Communist Resistance Potential in the Sino-Soviet Bloc"
7327031,263,fileUnit,Restricted - Possibly,FOIA (b)(1) National Security,,,"SNIE 11-10-61, 24 Aug 61, Soviet Tactics in the Berlin Crisis"
7542471,263,fileUnit,Restricted - Partly,FOIA (b)(1) National Security,,,"63) NIE 11-3/8-77, 21 Feb 78, Soviet Capabilities for Strategic Nuclear Conflict Through the Late 1980s, Volume I"
7553405,263,fileUnit,Restricted - Partly,FOIA (b)(1) National Security,,,"44) NIE 11-4-78, 7 Jul 81, Soviet Goals and Expectations in the Global Power Arena"
7327011,263,fileUnit,Restricted - Possibly,FOIA (b)(1) National Security,,,"NIE 15-79, 1 Feb 80, Memorandum to Holders-Prospects for Post-Tito Yugoslavia"
7542244,263,fileUnit,Restricted - Partly,FOIA (b)(1) National Security,,,"69) NIE 11-6-54, 5 Oct 54, Soviet Capabilities and probable Programs in the Guided Missile Field"
7553655,263,fileUnit,Restricted - Partly,FOIA (b)(1) National Security,,,"54) NIE 11-1-83JX, 19 Jul 83, The Soviet Space Program"
102260454,263,series,Restricted - Fully,FOIA (b)(1) National Security,,,Chronological Files
7327337,263,fileUnit,Restricted - Possibly,FOIA (b)(1) National Security,,,"NI IIA  84-10012, 7 Aug 84, Soviet Policy Toward Lebanon"
7542209,263,fileUnit,Restricted - Partly,FOIA (b)(1) National Security,,,"34) NIE 64 (Part I), 12 Nov 52, Soviet Bloc Capabilities Through Mid-1953"
7542599,263,fileUnit,Restricted - Partly,FOIA (b)(1) National Security,,,"57) NIE 11-16-83X, 8 Mar 83, The Soviet Approach to Arms Control: Implications for START and INF"
7553265,263,fileUnit,Restricted - Partly,FOIA (b)(1) National Security,,,"31) SE 30, 5 Jun 52, Probable Soviet courses of Action with Respect to Berlin Through Mid-1953"
7579479,263,fileUnit,Restricted - Fully,FOIA (b)(1) National Security,,,"Memo to DCI from Kirk re: Memo from DCI to Legislative Counsel and Director of Personnel, 3/14/61"
7326884,263,fileUnit,Restricted - Possibly,FOIA (b)(1) National Security,,,"SE 44, 30 Apr 53, The Soviet Statement of 25 April 1953 in Reply to President Eisenhower's Speech on 16 April 1953"
7327171,263,fileUnit,Restricted - Possibly,FOIA (b)(1) National Security,,,"NIE 11-2-64, 16 Jul 64, The Soviet Atomic Energy Program"
7327189,263,fileUnit,Restricted - Possibly,FOIA (b)(1) National Security,,,"SNIE 11-13-68, 18 Jul 68, US Intelligence Capabilities to Monitor Certain Limitations on Soviet Strategic Weapons Programs"
7579566,263,fileUnit,Restricted - Fully,FOIA (b)(1) National Security,,,"Memo to DCI from Kirk re: Report on Cuban Operation, 11/24/61"
7579663,263,fileUnit,Restricted - Fully,FOIA (b)(1) National Security,,,"Letter to Kirk from Hoover re: Promotion to Asst. Director for Special Operations, 12/14/51"
7542337,263,fileUnit,Restricted - Partly,FOIA (b)(1) National Security,,,"35) NIE 11/12-73, 7 May 74, Soviet and East European Attitudes Toward MBFR (Mutual and Balanced Force Reductions)"
7553369,263,fileUnit,Restricted - Partly,FOIA (b)(1) National Security,,,"8) SNIE 10-65, 4 Feb 65, Communist Military Capabilities and Near-Term Intentions in Laos and South Vietnam"
7553631,263,fileUnit,Restricted - Partly,FOIA (b)(1) National Security,,,"30) IIM 75-015, 3 Mar 75, Soviet Strategic Policies and Force Options Under the Vladivostok Understanding"
7327018,263,fileUnit,Restricted - Possibly,FOIA (b)(1) National Security,,,"NIE 11/4-82, 10 Aug 82, The Soviet Challenge to US Security Interests"
7553516,263,fileUnit,Restricted - Partly,FOIA (b)(1) National Security,,,"49) NIE 11-8-70, 24 Nov 70, Soviet Forces for Intercontinental Attack"
7579530,263,fileUnit,Restricted - Fully,FOIA (b)(1) National Security,,,"Letter to E. Hawley from Kirk re: Offer from John Chaffee, 7/22/81"
7327098,263,fileUnit,Restricted - Possibly,FOIA (b)(1) National Security,,,"NIE 11-8-60, 1 Aug 60, Soviet Capabilities for Long Range Attack Through Mid-1965"
7542325,263,fileUnit,Restricted - Partly,FOIA (b)(1) National Security,,,"23) NIE 4-70, 7 Jul 70, The Clandestine Introduction of Nuclear Weapons into the US"
7542566,263,fileUnit,Restricted - Partly,FOIA (b)(1) National Security,,,"24) NIE 11-8-71, 21 Oct 71, Soviet Forces for Intercontinental Attack"
7553319,263,fileUnit,Restricted - Partly,FOIA (b)(1) National Security,,,"85) NIE 11-12-55, 20 Dec 55, Soviet Guided Missile Capabilities and Probable Programs"
7579589,263,fileUnit,Restricted - Fully,FOIA (b)(1) National Security,,,"Letter to Dulles from Hoover re: True Magazine Article, 9/11/59"
7542608,263,fileUnit,Restricted - Partly,FOIA (b)(1) National Security,,,"NIE 12-68, 7 Nov 68, Eastern Europe and the USSR in the Aftermath of the Invasion of Czechoslovakia"
1374095,263,fileUnit,Restricted - Fully,FOIA (b)(1) National Security,,,"""Hunt for Nazi War Criminals"""
7327135,263,fileUnit,Restricted - Possibly,FOIA (b)(1) National Security,,,"NIE 11-3-72, 20 Dec 73, Memorandum to Holders, Soviet Strategic Defenses"
7327138,263,fileUnit,Restricted - Possibly,FOIA (b)(1) National Security,,,"NIE 11-8-73, 25 Jan 74, Soviet Forces for Intercontinental Attack"
7542403,263,fileUnit,Restricted - Partly,FOIA (b)(1) National Security,,,"47) SNIE 11-17-83, 15 Sept 83, Implications of Soviet Use of Chemical and Toxin Weapons for US Security Interests"
7553475,263,fileUnit,Restricted - Partly,FOIA (b)(1) National Security,,,"8) SNIE 11-10-57, 10 Dec 57, The Soviet ICBM Program"
7327108,263,fileUnit,Restricted - Possibly,FOIA (b)(1) National Security,,,"NIE 11-3-62, 31 Oct 62, Soviet Bloc Air and Missile Defense Capabilities Through Mid-1967"
7327141,263,fileUnit,Restricted - Possibly,FOIA (b)(1) National Security,,,"NIE 11-3/8-76, 21 Dec 76, Soviet Forces for Intercontinental Conflict Through the Mid-1980s"
7327270,263,fileUnit,Restricted - Possibly,FOIA (b)(1) National Security,,,"NI IIM 83-10005JX, Dec 83, Soviet Wartime Management: The Role of Civil Defense in Leadership Continuity"
7542531,263,fileUnit,Restricted - Partly,FOIA (b)(1) National Security,,,"48) NIE 11-14-79, 31 Jan 79, Warsaw Pact Forces Opposite NATO"
7553541,263,fileUnit,Restricted - Partly,FOIA (b)(1) National Security,,,"74) NICM 83-10017, 12 Sept 83, Possible Soviet Responses to the US Strategic Defense Initiative"
7553677,263,fileUnit,Restricted - Partly,FOIA (b)(1) National Security,,,"NIE 11-14/40-81, Oct 85, Soviet Military Forces in the Far East"
7579466,263,fileUnit,Restricted - Fully,FOIA (b)(1) National Security,,,"Memo re: Congressional Calls on Early Retirement, 8/21/62"
7327307,263,fileUnit,Restricted - Possibly,FOIA (b)(1) National Security,,,"NI IIM 84-10016/DS, Jun 85, Soviet Tank Programs"
7542298,263,fileUnit,Restricted - Partly,FOIA (b)(1) National Security,,,"123) SNIE 2-3-61, 18 Jul 61, Probable Soviet Reaction to a Western Embargo"
7542598,263,fileUnit,Restricted - Partly,FOIA (b)(1) National Security,,,"56) SNIE 11-16-85, Mar 85, Soviet Strategic and Political Objectives in Arms Control in 1985"
7579474,263,fileUnit,Restricted - Fully,FOIA (b)(1) National Security,,,Handwritten Letter from Mrs. Hollingsworth to Kirk re: Education/Scholarships for Children of CIA Officers
7579507,263,fileUnit,Restricted - Fully,FOIA (b)(1) National Security,,,"Letter to M. Lazo from Kirk re: Interest in Learning Status of Article, 8/3/64"
7542323,263,fileUnit,Restricted - Partly,FOIA (b)(1) National Security,,,"21) SNIE 11-16-70, 19 Feb 70, Soviet Attitudes Toward Salt"
7542382,263,fileUnit,Restricted - Partly,FOIA (b)(1) National Security,,,"26) SNIE 14.3-63, 26 Jun 63, The Impact of the Sino-Soviet Dispute on North Vietnam and Its Policies"
7579622,263,fileUnit,Restricted - Fully,FOIA (b)(1) National Security,,,"Note to Kirk from Mr. Clarendon re: Help for Clavero Girl, 11/27/62"
102260490,263,series,Restricted - Fully,FOIA (b)(3) Statute; FOIA (b)(1) National Security,,,Research and Development Project Final Reports
7542219,263,fileUnit,Restricted - Partly,FOIA (b)(1) National Security,,,"44) SE 44, 30 Apr 53, The Soviet Statement of 25 April 1953 in Reply to President Eisenhower's Speech on 16 April 1953"
7542320,263,fileUnit,Restricted - Partly,FOIA (b)(1) National Security,,,"18) NIE 11-7-66, 28 Apr 66, Trends in Soviet General Policies"
7579583,263,fileUnit,Restricted - Fully,FOIA (b)(1) National Security,,,"Handwritten Note to Kirk from Mr. Clarendon re: Fellowship for Daughter of Mrs. Clavero, 9/5/62"
7579599,263,fileUnit,Restricted - Fully,FOIA (b)(1) National Security,,,"Memo to Sam Papich from Kirk re: International Association of Chiefs of Police, 11/29/61"
7579656,263,fileUnit,Restricted - Fully,FOIA (b)(1) National Security,,,"Letter to Hoover from Kirk re: Mr. Papich's Arrangement of Briefing, 8/20/55"
7542623,263,fileUnit,Restricted - Partly,FOIA (b)(1) National Security,,,"NIE 12/11-83, 28 Jun 83, Military Reliability of the Soviet Union's Warsaw Pact Allies"
7553376,263,fileUnit,Restricted - Partly,FOIA (b)(1) National Security,,,"15) NIE 12-65, 26 Aug 65, Eastern Europe and the Warsaw Pact"
7579608,263,fileUnit,Restricted - Fully,FOIA (b)(1) National Security,,,"Letter to W. Sullivan from Kirk re: Promotion to Asst Director of the FBI, 6/7/61"
1374618,263,fileUnit,Restricted - Partly,,,,"Mengele [DO file], Josef, Vol. 1"
7553517,263,fileUnit,Restricted - Partly,FOIA (b)(1) National Security,,,"50) NIE 11-3-71, 25 Feb 71, Soviet Strategic Defenses"
7553528,263,fileUnit,Restricted - Partly,FOIA (b)(1) National Security,,,"61) NIE 11-3/8-76, 21 Dec 76, Soviet Forces for Intercontinental Conflict Through the Mid-1980s"
7542610,263,fileUnit,Restricted - Partly,FOIA (b)(1) National Security,,,"NIE 11-12-72, 19 Sept 72, Soviet Military Research and Development"
7553621,263,fileUnit,Restricted - Partly,FOIA (b)(1) National Security,,,"20) Memo to Holders of NIE 11-1-69, The Soviet Space Program"
5956127,263,series,Restricted - Fully,Other,,,Lincoln Station Chief of Project Files
7542528,263,fileUnit,Restricted - Partly,FOIA (b)(1) National Security,,,"45) NIE 11-15-74, 23 Dec 74, Soviet Naval Policy and Programs"
7553461,263,fileUnit,Restricted - Partly,FOIA (b)(1) National Security,,,"46) SNIE 11/30-82, 5 Jan 82, Soviet Short-Term Options in South Asia"
1374568,263,fileUnit,Restricted - Partly,,,,"Lebed, Mykola"
7326974,263,fileUnit,Restricted - Possibly,FOIA (b)(1) National Security,,,"NIE 11-6-59, 21 Jul 59, Soviet Science and Technology"
7327040,263,fileUnit,Restricted - Possibly,FOIA (b)(1) National Security,,,"NIE 12.4-62, 9 May 62, The Outlook in East Germany"
7542339,263,fileUnit,Restricted - Partly,FOIA (b)(1) National Security,,,"37) NIE 11-10-76, 21 Oct 76, Soviet Military Policy in the Third World"
7553481,263,fileUnit,Restricted - Partly,FOIA (b)(1) National Security,,,"14) NIE 11-5-59, 8 Sept 59, Soviet Capabilities in Guided Missiles and Space Vehicles"
7579463,263,fileUnit,Restricted - Fully,FOIA (b)(1) National Security,,,"Letter to Dulles from Kirk re: Efforts re Greater Teaching About Communism and Information on Education Aid Fund, 11/15/63"
7327072,263,fileUnit,Restricted - Possibly,FOIA (b)(1) National Security,,,"SNIE 11/30-82, 5 Jan 82, Soviet Short-Term Options in South Asia"
7553287,263,fileUnit,Restricted - Partly,FOIA (b)(1) National Security,,,"53) SE 53, 18 Dec 53, Probable Communist Reactions to Certain Possible US Courses of Action in Indochina Through 1954"
7579477,263,fileUnit,Restricted - Fully,FOIA (b)(1) National Security,,,"Memo to DCI from Kirk re: Work with the Woodrow Wilson School of Public and International Affairs, 8/28/61"
7326850,263,fileUnit,Restricted - Possibly,FOIA (b)(1) National Security,,,"NIE 29, 20 Mar 51, Probability of an Invasion of Yugoslavia in 1951"
7327134,263,fileUnit,Restricted - Possibly,FOIA (b)(1) National Security,,,"NIE 11-3-72, 2 Nov 72, Soviet Strategic Defenses"
7327287,263,fileUnit,Restricted - Possibly,FOIA (b)(1) National Security,,,"NIO IIM  76-012J, Mar 76, Soviet Approaches to Defense Against Ballistic Missile Submarines and Prospects for Success"
7326923,263,fileUnit,Restricted - Possibly,FOIA (b)(1) National Security,,,"SNIE 11-10-55, 2 Aug 55, Soviet Gross Capabilities for Attacks on the US and Key Overseas Installations and Forces in 1965"
7327003,263,fileUnit,Restricted - Possibly,FOIA (b)(1) National Security,,,"NIE 11-10-78, 2 Aug 73, Soviet Military Posture and Policies in the Third World, Volume II, Annexes A Through E"
7327306,263,fileUnit,Restricted - Possibly,FOIA (b)(1) National Security,,,"SNIE 11-20-84/D, Mar 85, Soviet Submarine Warfare Trends"
7542670,263,fileUnit,Restricted - Partly,FOIA (b)(1) National Security,,,"NIE 11-3/8-87W, Jul 87, Soviet Forces and Capabilities for Strategic Nuclear Conflict Through the Late 1990s"
7553247,263,fileUnit,Restricted - Partly,FOIA (b)(1) National Security,,,"13) SE 8, 6 Jul 51, Possible Communist Objectives in Proposing a Cease Fire in Korea"
7579476,263,fileUnit,Restricted - Fully,FOIA (b)(1) National Security,,,"Letter to R.W. Van de Velde from Kirk re: Comments Concerning our Recruitment Efforts, 10/31/61"
7579655,263,fileUnit,Restricted - Fully,FOIA (b)(1) National Security,,,"MFR by Kirk re: Conversation with Sam Papich, 5/28/53"
4509734,263,series,Restricted - Possibly,,1946,1960,Correspondence with Sources
7327053,263,fileUnit,Restricted - Possibly,FOIA (b)(1) National Security,,,"NIE 11-9-64, 19 Feb 64, Soviet Foreign Policy"
7542217,263,fileUnit,Restricted - Partly,FOIA (b)(1) National Security,,,"42) SE 38, 24 Apr 53, Soviet Bloc Capabilities and Probable Courses of Action in Electromagnetic Warfare"
7542445,263,fileUnit,Restricted - Partly,FOIA (b)(1) National Security,,,"37) Memo to Holders of NIE 11-4-65, 5 Aug 65, Main Trends in Soviet Military Policy, Soviet Economic Problems, and Prospects"
7326941,263,fileUnit,Restricted - Possibly,FOIA (b)(1) National Security,,,"SNIE 11-9-57, 24 Sept 57, Probable Soviet Action in Various Contingencies Affecting Syria"
7327056,263,fileUnit,Restricted - Possibly,FOIA (b)(1) National Security,,,"SNIE 11-11-67, 4 May 67, Soviet Attitudes and Intentions Toward the Vietnam War"
7327063,263,fileUnit,Restricted - Possibly,FOIA (b)(1) National Security,,,"SNIE 11-16-68, 7 Nov 68, The Soviet Approach to Arms Control"
7327230,263,fileUnit,Restricted - Possibly,FOIA (b)(1) National Security,,,"NIE 11-1-65, 27 Jan 65, The Soviet Space Program"
7542336,263,fileUnit,Restricted - Partly,FOIA (b)(1) National Security,,,"34) NIE 11/13/6-73, 25 Oct 73, Possible Changes in the Sino-Soviet Relationship"
7542586,263,fileUnit,Restricted - Partly,FOIA (b)(1) National Security,,,"44) NIE 11-1-83, 19 Jul 83, The Soviet Space Program"
7553448,263,fileUnit,Restricted - Partly,FOIA (b)(1) National Security,,,"33) SNIE 11-13-67, 20 Jul 67, Probable Soviet Objectives in Rearming Arab States"
7553688,263,fileUnit,Restricted - Partly,FOIA (b)(1) National Security,,,"NI IIM 85-10008, Dec 85, Air Defense of the USSR"
102260494,263,series,Restricted - Fully,FOIA (b)(1) National Security,,,Technical Policy Files
7326862,263,fileUnit,Restricted - Possibly,FOIA (b)(1) National Security,,,"NIE 43, 13 Nov 51, The Strategic Importance of the Far East to the USSR"
7326963,263,fileUnit,Restricted - Possibly,FOIA (b)(1) National Security,,,"SNIE 2-61, 13 Jun 61, Soviet and Other Reactions to Various Courses of Action Regarding Berlin"
7542247,263,fileUnit,Restricted - Partly,FOIA (b)(1) National Security,,,"72) SNIE 11-4-55, 15 Feb 55, Review of Current Communist Attitudes Toward General War"
7542285,263,fileUnit,Restricted - Partly,FOIA (b)(1) National Security,,,"110) SNIE 100-13-58, 23 Dec 58, Soviet Objectives in the Berlin Crisis"
7542575,263,fileUnit,Restricted - Partly,FOIA (b)(1) National Security,,,"33) NIO IIM 76-039J, Oct 76, Trends in Soviet Military Programs"
7542630,263,fileUnit,Restricted - Partly,FOIA (b)(1) National Security,,,"SNIE 11-20-84/D, Mar 85, Soviet Submarine Warfare Trends"
7553570,263,fileUnit,Restricted - Partly,FOIA (b)(1) National Security,,,"28) SNIE 4-1-67, 6 Jul 67, Implications of a Mutual Reduction of US and Soviet Forces in Europe"
7553643,263,fileUnit,Restricted - Partly,FOIA (b)(1) National Security,,,"42) SNIE 11/50/37-82, 2 Mar 83, Use of Toxins and Other Lethal Chemicals in Southeast Asia and Afghanistan"
7553682,263,fileUnit,Restricted - Partly,FOIA (b)(1) National Security,,,"NIE 12/11-83, 28 Jun 83, Military Reliability of the Soviet Union's Warsaw Pact Allies"
4509740,263,series,Restricted - Possibly,,1934,1965,"Industrial Reports, Inc. Files"
7326971,263,fileUnit,Restricted - Possibly,FOIA (b)(1) National Security,,,"SE 34, 30 Dec 52, Consequences of an Attempt to Overthrow the Resent Regime in Albania"
7327296,263,fileUnit,Restricted - Possibly,FOIA (b)(1) National Security,,,"NI IIM 81-10001JX, Apr 82, The Readiness of Soviet Air Forces"
7542448,263,fileUnit,Restricted - Partly,FOIA (b)(1) National Security,,,40) Memo for the President re: NIE 11-8-66 Soviet Capabilities for Strategic Attack
7553300,263,fileUnit,Restricted - Partly,FOIA (b)(1) National Security,,,"66) NIE 11-4-54, 14 Sept 54, Soviet Capabilities and Probable Courses of Action Through Mid-1959"
7553436,263,fileUnit,Restricted - Partly,FOIA (b)(1) National Security,,,"21) NIE 11-7-63, 13 Mar 63, The Clandestine Introduction of Weapons of Mass Destruction into the US"
7542202,263,fileUnit,Restricted - Partly,FOIA (b)(1) National Security,,,"27) NIE 53, 19 Feb 52, Probable Soviet Courses of Action with Respect to Germany During 1952"
7542334,263,fileUnit,Restricted - Partly,FOIA (b)(1) National Security,,,"32) NIE 11-10-78, 2 Aug 73, Soviet Military Posture and Policies in the Third World, Volume II, Annexes A Through E"
7542501,263,fileUnit,Restricted - Partly,FOIA (b)(1) National Security,,,"18) NIE 11-3-64, 16 Dec 64, Soviet Air and Missile Defense Capabilities Through Mid-1970"
7553404,263,fileUnit,Restricted - Partly,FOIA (b)(1) National Security,,,"43) SNIE 12.6-81, 30 Jan 81, Poland's Prospects Over the Next Six Months"
7579651,263,fileUnit,Restricted - Fully,FOIA (b)(1) National Security,,,"Letter to D. Milton Ladd from Kirk re: Enclosed Letter for Lloyd Earl Wright, 9/5/56"
7327309,263,fileUnit,Restricted - Possibly,FOIA (b)(1) National Security,,,"NIE 11/40-84, 25 Sept 84, Soviet Policy in East Asia"
7542280,263,fileUnit,Restricted - Partly,FOIA (b)(1) National Security,,,"105) SNIE 11-6-58, 24 Jun 58, The Soviet Attitude Toward Disarmament"
7327219,263,fileUnit,Restricted - Possibly,FOIA (b)(1) National Security,,,"NIE 95, 25 Sept 53, Probable Soviet Bloc Courses of Action Through Mid-1955"
7579510,263,fileUnit,Restricted - Fully,FOIA (b)(1) National Security,,,"Handwritten Memo to Kirk from Mario on ""University Club"" Stationary Refers to Agency Employee, 5/17/65"
7579572,263,fileUnit,Restricted - Fully,FOIA (b)(1) National Security,,,Handwritten Note re: More Correspondence Gist Contained in LBK Letter to Robbins Milbank
102260462,263,series,Restricted - Fully,FOIA (b)(1) National Security,,,Document Files
7326856,263,fileUnit,Restricted - Possibly,FOIA (b)(1) National Security,,,"NIE 31, 4 Sept 51, Soviet Capabilities for Clandestine Attack Against the US with Weapons of Mass Destruction and the Vulnerability of the US to Such Attack (mid-1951 to mid-1952"
7542198,263,fileUnit,Restricted - Partly,FOIA (b)(1) National Security,,,"23) NIE 55, 7 Dec 51, Communist Capabilities and Probable Courses of Action in Korea Through Mid-1952"
7542251,263,fileUnit,Restricted - Partly,FOIA (b)(1) National Security,,,"76) NIE 11-3-55, 17 May 55, Soviet Capabilities and Probable Soviet Courses of Action Through 1960"
7553392,263,fileUnit,Restricted - Partly,FOIA (b)(1) National Security,,,"31) NIE 11-10-73, 2 Aug 73, Soviet Military Posture and Policies in the Third World, Volume I"
7553445,263,fileUnit,Restricted - Partly,FOIA (b)(1) National Security,,,"30) NIE 15-67, 13 Apr 67, The Yugoslav Experiment"
7542311,263,fileUnit,Restricted - Partly,FOIA (b)(1) National Security,,,"9) SNIE 10-3-65, 11 Feb 65, Communist Reactions to Possible US Actions"
7542410,263,fileUnit,Restricted - Partly,FOIA (b)(1) National Security,,,"2) NIE 11-4-56, 2 Aug 56, Soviet Capabilities and Probable Courses of Action Through 1961"
7553530,263,fileUnit,Restricted - Partly,FOIA (b)(1) National Security,,,"63) NIE 11-3/8-77, 21 Feb 78, Soviet Capabilities for Strategic Nuclear Conflict Through the Late 1980s, Volume I"
102260451,263,series,Restricted - Fully,FOIA (b)(1) National Security,,,Authentication Records Files
5956123,263,series,Restricted - Fully,Other,,,Headquarters Oversized Attachments to Incoming Dispatches Relating to PBSUCCESS
7327241,263,fileUnit,Restricted - Possibly,FOIA (b)(1) National Security,,,"NIE 11-8-71, 21 Oct 71, Soviet Forces for Intercontinental Attack"
7553426,263,fileUnit,Restricted - Partly,FOIA (b)(1) National Security,,,"11) SNIE 11-7-62, 24 Jan 62, Probable Trends in Soviet Military Assistance"
7553722,263,fileUnit,Restricted - Partly,FOIA (b)(1) National Security,,,"NIE 11-3/8-86, Apr 86, Soviet Forces and Capabilities for Strategic Nuclear Conflict Through the Mid-1990s"
7579641,263,fileUnit,Restricted - Fully,FOIA (b)(1) National Security,,,"Letter to Douglas Kennedy of True Magazine from Stanley Grogan re: Comments About Article, 3/25/59"
7327352,263,fileUnit,Restricted - Possibly,FOIA (b)(1) National Security,,,"NI IIM 87-10006, Jun 87, Soviet Military Production, 1975-86"
7542366,263,fileUnit,Restricted - Partly,FOIA (b)(1) National Security,,,"10) NIE 12-61, 9 Nov 61, The Outlook in Eastern Europe"
7542383,263,fileUnit,Restricted - Partly,FOIA (b)(1) National Security,,,"27) SNIE 11-5-64, 8 Jan 64, Soviet Economic Problems and Outlook"
7542450,263,fileUnit,Restricted - Partly,FOIA (b)(1) National Security,,,"42) Memo to Holders of NIE 11-8-66, 13 Mar 67, Soviet Capabilities for Strategic Attack"
7553676,263,fileUnit,Restricted - Partly,FOIA (b)(1) National Security,,,"NIE 11-14/40-81S, 1 Sept 81, Soviet Military Forces in the Far East"
102260467,263,series,Restricted - Fully,FOIA (b)(1) National Security,,,History and Background Files
7327281,263,fileUnit,Restricted - Possibly,FOIA (b)(1) National Security,,,"NIE 11-6-66, 27 Jan 66, Anti-Communist Resistance Potential in the USSR and Eastern Europe"
7542284,263,fileUnit,Restricted - Partly,FOIA (b)(1) National Security,,,"109) SNIE 100-8-58, 7 Oct 58, Implications of an Increase in US-Soviet Trade"
7542510,263,fileUnit,Restricted - Partly,FOIA (b)(1) National Security,,,"27) NIE 11-6-67, 1 Jun 67, Soviet Strategy and Intentions in the Mediterranean Basin"
7553548,263,fileUnit,Restricted - Partly,FOIA (b)(1) National Security,,,"6) NIE 11-6-60, 3 May 60, Strength of the Armed Forces of the USSR"
7579559,263,fileUnit,Restricted - Fully,FOIA (b)(1) National Security,,,"Memo to DD/Plans from J.S. Earman re: Copy of the IG's Survey on Cuba, 1/23/62"
102260468,263,series,Restricted - Fully,FOIA (b)(1) National Security,1944,1960,History Files
7326868,263,fileUnit,Restricted - Possibly,FOIA (b)(1) National Security,,,"SE 25, 28 Apr 52, Military Indications of a Possible Large-Scale Communist Attack in Korea in the Immediate Future"
7326921,263,fileUnit,Restricted - Possibly,FOIA (b)(1) National Security,,,"NIE 11-6-55, 1 July 55, Probable Intelligence Warning of Soviet Attack on the US Through Mid-1958"
7326925,263,fileUnit,Restricted - Possibly,FOIA (b)(1) National Security,,,"NIE 11-13/1-55, 6 Dec 55, Review of Soviet Foreign Policy in the Light of the Geneva Foreign Ministers' Conference"
7326957,263,fileUnit,Restricted - Possibly,FOIA (b)(1) National Security,,,"NIE 11-6-59, 21 Jul 59, Soviet Science and Technology"
7326987,263,fileUnit,Restricted - Possibly,FOIA (b)(1) National Security,,,"SNIE 10-12-65, 10 Dec 65, Probable Communist Reactions to a US Course of Action"
7327026,263,fileUnit,Restricted - Possibly,FOIA (b)(1) National Security,,,"NIE 100-57, 26 Mar 57, Sino-Soviet Foreign Economic Policies and Their Probable Effects in Underdeveloped Areas"
7327251,263,fileUnit,Restricted - Possibly,FOIA (b)(1) National Security,,,"NIO IIM  76-041, Nov 76, Soviet Civil Defense"
7542317,263,fileUnit,Restricted - Partly,FOIA (b)(1) National Security,,,"15) NIE 12-65, 26 Aug 65, Eastern Europe and the Warsaw Pact"
7542535,263,fileUnit,Restricted - Partly,FOIA (b)(1) National Security,,,"52) NIE 11-14-81, 7 Jul 81, Warsaw Pact Forces Opposite NATO"
7326882,263,fileUnit,Restricted - Possibly,FOIA (b)(1) National Security,,,"SE 38, 24 Apr 53, Soviet Bloc Capabilities and Probable Courses of Action in Electromagnetic Warfare"
7326893,263,fileUnit,Restricted - Possibly,FOIA (b)(1) National Security,,,"SE 53, 18 Dec 53, Probable Communist Reactions to Certain Possible US Courses of Action in Indochina Through 1954"
7327125,263,fileUnit,Restricted - Possibly,FOIA (b)(1) National Security,,,"NIE 11-3-67, 9 Nov 67, Soviet Strategic Air and Missile Defenses"
7327202,263,fileUnit,Restricted - Possibly,FOIA (b)(1) National Security,,,"NIE 11-15-74, 23 Dec 74, Soviet Naval Policy and Programs"
7553256,263,fileUnit,Restricted - Partly,FOIA (b)(1) National Security,,,"22) NIE 43, 13 Nov 51, The Strategic Importance of the Far East to the USSR"
7553359,263,fileUnit,Restricted - Partly,FOIA (b)(1) National Security,,,"125) SNIE 2-4-61, 31 Aug 61, Reactions to Certain US Measures in the Berlin Crisis"
7553498,263,fileUnit,Restricted - Partly,FOIA (b)(1) National Security,,,"31) NIE 11-9-63, 15 Jul 63, Soviet Capabilities and Intentions to Orbit Nuclear Weapons"
7553636,263,fileUnit,Restricted - Partly,FOIA (b)(1) National Security,,,"35) NI IIM 17-029, Dec 77, Soviet Civil Defense: Objectives, Pace, and Effectiveness"
7579461,263,fileUnit,Restricted - Fully,FOIA (b)(1) National Security,,,"Letter to Kirk from M. Miskovsky re: Those Interested in Helping the Education Aid Fund, 12/7/64"
7579523,263,fileUnit,Restricted - Fully,FOIA (b)(1) National Security,,,"Letter to Dulles from Kirk re: Congratulations for Soon-to-be-Director, 1/21/53"
1374361,263,fileUnit,Restricted - Partly,,,,"Gimzauskas, Kazys"
7326885,263,fileUnit,Restricted - Possibly,FOIA (b)(1) National Security,,,"NIE 81, 22 May 53, Probable Soviet Courses of Action with Respect to Germany, Through Mid-1954"
7553440,263,fileUnit,Restricted - Partly,FOIA (b)(1) National Security,,,"25) SNIE 58-63, 18 Jun 63, Communist Reactions to US Actions Taken with Regard to Laos"
7579660,263,fileUnit,Restricted - Fully,FOIA (b)(1) National Security,,,"Letter to Kirk from Hoover re: Distressed to Hear the News of Your Illness, 7/30/52"
7327201,263,fileUnit,Restricted - Possibly,FOIA (b)(1) National Security,,,"Memo to Holders of SNIE 11/30-73, Soviet Military Options in the Middle East"
7542389,263,fileUnit,Restricted - Partly,FOIA (b)(1) National Security,,,"33) SNIE 11-13-67, 20 Jul 67, Probable Soviet Objectives in Rearming Arab States"
7542458,263,fileUnit,Restricted - Partly,FOIA (b)(1) National Security,,,"50) NIE 11-3-71, 25 Feb 71, Soviet Strategic Defenses"
7553254,263,fileUnit,Restricted - Partly,FOIA (b)(1) National Security,,,"20) SE 14, 23 Oct 51, Soviet Capabilities for a Military Attack on the United States Before July 1952"
7553569,263,fileUnit,Restricted - Partly,FOIA (b)(1) National Security,,,"27) NIE 11-6-67, 1 Jun 67, Soviet Strategy and Intentions in the Mediterranean Basin"
7553616,263,fileUnit,Restricted - Partly,FOIA (b)(1) National Security,,,"15) NIE 11-1-67, 2 Mar 67, The Soviet Space Program"
7553637,263,fileUnit,Restricted - Partly,FOIA (b)(1) National Security,,,"36) NI IIM 78-10018J, Aug 78, Indications and Warning of Soviet Intentions to Us Chemical Weapons During a NATO-Warsaw Pact War"
7327333,263,fileUnit,Restricted - Possibly,FOIA (b)(1) National Security,,,"NIE 11/70-85, Feb 85, Soviet Policies in Southern Africa"
7542315,263,fileUnit,Restricted - Partly,FOIA (b)(1) National Security,,,"13) NIE 11-65, 1 Jul 65, Soviet Politics After Khrushchev"
7542536,263,fileUnit,Restricted - Partly,FOIA (b)(1) National Security,,,"53) NIE 11-14/40-81D, Feb 82, Soviet Military Forces in the Far East"
7542652,263,fileUnit,Restricted - Partly,FOIA (b)(1) National Security,,,"NIE 11-7-83, 14 Dec 83, Soviet Energy Prospects Into the 1990s"
7553500,263,fileUnit,Restricted - Partly,FOIA (b)(1) National Security,,,"33) NIE 11-4-64, 22 Apr 64, Main Trends in Soviet Military Policy"
7553564,263,fileUnit,Restricted - Partly,FOIA (b)(1) National Security,,,"22) NIE 11-3-65, 18 Nov 65, Soviet Strategic Air and Missile Defenses"
7326883,263,fileUnit,Restricted - Possibly,FOIA (b)(1) National Security,,,"SE 42, 24 Apr 53, Current Communist Tactics"
7542527,263,fileUnit,Restricted - Partly,FOIA (b)(1) National Security,,,"44) Memo to Holders of SNIE 11/30-73, Soviet Military Options in the Middle East"
7553270,263,fileUnit,Restricted - Partly,FOIA (b)(1) National Security,,,"36) SE 36, 5 Mar 53, Soviet Capabilities for Attack on the US Through Mid-1955"
7579640,263,fileUnit,Restricted - Fully,FOIA (b)(1) National Security,,,"Daily Diary, Stanley J. Grogan; 3/10/59"
1280600,263,series,Restricted - Partly,FOIA (b)(1) National Security,,,Information Reports Filed Under File Code OO-J
7327054,263,fileUnit,Restricted - Possibly,FOIA (b)(1) National Security,,,"NIE 10-2-64, 10 Jun 64, prospects for the International Communist Movement"
7579642,263,fileUnit,Restricted - Fully,FOIA (b)(1) National Security,,,"Letter to Douglas Kennedy of True Magazine from Stanley Grogan re: Factual Errors in the CIA-Dulles Story, 4/7/59"
7327244,263,fileUnit,Restricted - Possibly,FOIA (b)(1) National Security,,,"NIE 11-1-73, 20 Dec 73, Soviet Space Programs"
7542294,263,fileUnit,Restricted - Partly,FOIA (b)(1) National Security,,,"119) SNIE 100-5-60, 22 Mar 60, The Soviet Attitude and Tactics on the Berlin Problem"
7553260,263,fileUnit,Restricted - Partly,FOIA (b)(1) National Security,,,"26) NIE 48, 8 Jan 52, Likelihood of the Deliberate Initiation of Full-Scale War by the USSR Against the US and Its Western Allies Prior to the End of 1952"
7542203,263,fileUnit,Restricted - Partly,FOIA (b)(1) National Security,,,"28) SE 25, 28 Apr 52, Military Indications of a Possible Large-Scale Communist Attack in Korea in the Immediate Future"
7542276,263,fileUnit,Restricted - Partly,FOIA (b)(1) National Security,,,"101) NIE 12-58, 4 Feb 58, Outlook for Stability in the Eastern European Satellites"
7542314,263,fileUnit,Restricted - Partly,FOIA (b)(1) National Security,,,"12) SNIE 10-5-65, 28 Apr 65, Communist Reactions to Certain US Actions"
7553605,263,fileUnit,Restricted - Partly,FOIA (b)(1) National Security,,,"4) SNIE 11-11-55, 10 Aug 55, Some Implications of a System of International Armaments Inspection"
7553337,263,fileUnit,Restricted - Partly,FOIA (b)(1) National Security,,,"103) NIE 10-58, 4 Mar 58, Anti-Communist Resistance Potential in the Sino-Soviet Bloc"
7542486,263,fileUnit,Restricted - Partly,FOIA (b)(1) National Security,,,"3) Memo to Holders of NIE 11-5-59, Soviet Capabilities in Guided Missiles and Space Vehicles"
7542567,263,fileUnit,Restricted - Partly,FOIA (b)(1) National Security,,,"25) Memo to Holders of NIE 11-8-71, Cost of Illustrative Soviet Intercontinental Attack Force Models"
7553360,263,fileUnit,Restricted - Partly,FOIA (b)(1) National Security,,,"126) SNIE 2-5-61, 14 Sept 61, Soviet Reactions to Certain US Courses of Action"
102260463,263,series,Restricted - Fully,FOIA (b)(1) National Security,,,End of Course Files
7542231,263,fileUnit,Restricted - Partly,FOIA (b)(1) National Security,,,"56) SNIE 11-54, 15 Feb 54, Likelihood of General War Through 1957"
7542290,263,fileUnit,Restricted - Partly,FOIA (b)(1) National Security,,,"115) NIE 11-6-59, 21 Jul 59, Soviet Science and Technology"
7542627,263,fileUnit,Restricted - Partly,FOIA (b)(1) National Security,,,"NIE 11-12-83, Prospects for Soviet Military Technology and Research and Development"
7542649,263,fileUnit,Restricted - Partly,FOIA (b)(1) National Security,,,"SNIE 3/11-4-81, 17 Nov 81, Dependence of Soviet Military Power on Economic Relations with the West"
7553474,263,fileUnit,Restricted - Partly,FOIA (b)(1) National Security,,,"7) NIE 11-4-57, 12 Nov 57, Main Trends in Soviet Capabilities and Policies 1957-1962"
7553615,263,fileUnit,Restricted - Partly,FOIA (b)(1) National Security,,,"14) NIE 11-10-66, 18 Aug 66, Warning of Soviet Intention to Attack"
7553715,263,fileUnit,Restricted - Partly,FOIA (b)(1) National Security,,,"NIE 11/70-85, Feb 85, Soviet Policies in Southern Africa"
7327289,263,fileUnit,Restricted - Possibly,FOIA (b)(1) National Security,,,"NI IIM 77-010C, Apr 77, The Significance of Soviet TU-95 Bear D Deployments in West Africa"
7553492,263,fileUnit,Restricted - Partly,FOIA (b)(1) National Security,,,"25) 11-8/1-61, Strength and Deployment of Soviet Long Range Ballistic Missile Forces"
7553611,263,fileUnit,Restricted - Partly,FOIA (b)(1) National Security,,,"10) NIE 11-10-63, 27 Dec 63, Soviet Capabilities and Intentions with Respect to Chemical Warfare"
7542267,263,fileUnit,Restricted - Partly,FOIA (b)(1) National Security,,,"92) SNIE 11-9-56, 6 Nov 56, Sino-Soviet Intentions in the Suez Crisis"
7553575,263,fileUnit,Restricted - Partly,FOIA (b)(1) National Security,,,"33) SNIE 11-12-68, 15 Aug 68, Emplacement of Weapons of Mass Destruction on the Seabed"
7553685,263,fileUnit,Restricted - Partly,FOIA (b)(1) National Security,,,"NIE 11-12-83, 14 Dec 83, Prospects for Soviet Military Technology and Research and Development"
7579492,263,fileUnit,Restricted - Fully,FOIA (b)(1) National Security,,,"Memo to Chief, WH Division re: Lunch with Lazo, 9/22/60"
7579576,263,fileUnit,Restricted - Fully,FOIA (b)(1) National Security,,,"Handwritten Note to Kirk from Mr., Clarendon re: Mrs. Clavero, 6/10/61"
7579637,263,fileUnit,Restricted - Fully,FOIA (b)(1) National Security,,,"Routing Slip to Col. Grogan Referring to Draft of Article, 9/24/58"
7326899,263,fileUnit,Restricted - Possibly,FOIA (b)(1) National Security,,,"SNIE 11-2-54, 24 Feb 54, Soviet Capabilities for Attack on the US Through 1957"
7327210,263,fileUnit,Restricted - Possibly,FOIA (b)(1) National Security,,,"NIE 11-14/40-81D, Feb 82, Soviet Military Forces in the Far East"
7542250,263,fileUnit,Restricted - Partly,FOIA (b)(1) National Security,,,"75) NIE 10-55, 12 Apr 55, Anti-Communist Resistance Potential in the Sino-Soviet Bloc"
7542609,263,fileUnit,Restricted - Partly,FOIA (b)(1) National Security,,,"NIE 11/13-69, 12 Aug 69, The USSR and China"
7553295,263,fileUnit,Restricted - Partly,FOIA (b)(1) National Security,,,"61) NIE 100-3-54, 23 Mar 54, Consequences of a Relaxation of Non-Communist Controls on Trade with the Soviet Bloc"
7579504,263,fileUnit,Restricted - Fully,FOIA (b)(1) National Security,,,"MRF re: Meeting with Mario Lazo, 6/25/64"
1374167,263,fileUnit,Restricted - Partly,,,,"Artukovich, Andrew, Vol. 1"
7327020,263,fileUnit,Restricted - Possibly,FOIA (b)(1) National Security,,,"SNIE 3-11/2-82, 21 Sept 82, The Soviet Gas Pipeline in Perspective"
7327041,263,fileUnit,Restricted - Possibly,FOIA (b)(1) National Security,,,"NIE 11-6-62, 28 May 62, Trends in Soviet Science and Technology"
7327351,263,fileUnit,Restricted - Possibly,FOIA (b)(1) National Security,,,"NI IIM 87-10004C, May 87, Soviet Foreign Military Assistance"
7542269,263,fileUnit,Restricted - Partly,FOIA (b)(1) National Security,,,"94) SNIE 11-10-56, 29 Nov 56, Soviet Actions in the Middle East"
7542416,263,fileUnit,Restricted - Partly,FOIA (b)(1) National Security,,,"8) SNIE 11-10-57, 10 Dec 57, The Soviet ICBM Program"
7553686,263,fileUnit,Restricted - Partly,FOIA (b)(1) National Security,,,"NIE 11-12-83, Prospects for Soviet Military Technology and Research and Development"
7326914,263,fileUnit,Restricted - Possibly,FOIA (b)(1) National Security,,,"NIE 11-55, 1 Mar 55, Probable Soviet Response to the Ratification of the Paris Agreements"
7542514,263,fileUnit,Restricted - Partly,FOIA (b)(1) National Security,,,"31) Memo to Holders of NIE 11-6-67, Soviet Strategy and Intentions in the Mediterranean Basin and SNIE 11-9-68, Soviet Interests and Activities in Arab States"
7553286,263,fileUnit,Restricted - Partly,FOIA (b)(1) National Security,,,"52) NIE 95, 25 Sept 53, Probable Soviet Bloc Courses of Action Through Mid-1955"
7579582,263,fileUnit,Restricted - Fully,FOIA (b)(1) National Security,,,"Letter to Robbins Milbank from Kirk re: Fulbright Fellowship for Daughter of Mrs. Clavero, 1/17/63"
7579595,263,fileUnit,Restricted - Fully,FOIA (b)(1) National Security,,,"Letter to Mr. Nichols from Dulles re: True Magazine Article, 9/26/59"
7579647,263,fileUnit,Restricted - Fully,FOIA (b)(1) National Security,,,Biography of Author of True Magazine Article
7326959,263,fileUnit,Restricted - Possibly,FOIA (b)(1) National Security,,,"NIE 11-9-59, 8 Sept 59, Probable Soviet Position on Nuclear Weapons Testing"
7327154,263,fileUnit,Restricted - Possibly,FOIA (b)(1) National Security,,,"NICM  83-10017, 12 Sept 83, Possible Soviet Responses to the US Strategic Defense Initiative"
7542371,263,fileUnit,Restricted - Partly,FOIA (b)(1) National Security,,,"15) NIE 12-4-62, 9 May 62, The Outlook in East Germany"
7553526,263,fileUnit,Restricted - Partly,FOIA (b)(1) National Security,,,"59) NIE 11-3/8-74, 11 Nov 74, Soviet Forces for Intercontinental Conflict Through 1985"
7553602,263,fileUnit,Restricted - Partly,FOIA (b)(1) National Security,,,"1) NIE 43, 13 Nov 51, The Strategic Importance of the Far East to the USSR"
7553628,263,fileUnit,Restricted - Partly,FOIA (b)(1) National Security,,,"27) NIE 11-1-73, 20 Dec 73, Soviet Space Programs"
7579579,263,fileUnit,Restricted - Fully,FOIA (b)(1) National Security,,,"Envelope Addressed to Kirk from Mr. Clarendon, 5/29/61"
5956139,263,series,Restricted - Fully,Other,,,FJHOPEFUL Files
7327150,263,fileUnit,Restricted - Possibly,FOIA (b)(1) National Security,,,"SNIE 11-4/2-81, 6 Oct 81, Soviet Potential to Respond to US Strategic Force Improvements and Foreign Relations"
7542492,263,fileUnit,Restricted - Partly,FOIA (b)(1) National Security,,,"9) NIE 11-4-61, 24 Aug 61, Main Trends in Soviet Capabilities and Policies, 1961-1966"
7542565,263,fileUnit,Restricted - Partly,FOIA (b)(1) National Security,,,"23) NIE 11-1-71, 1 Jul 71, The Soviet Space Program"
7553328,263,fileUnit,Restricted - Partly,FOIA (b)(1) National Security,,,"94) SNIE 11-10-56, 29 Nov 56, Soviet Actions in the Middle East"
7553609,263,fileUnit,Restricted - Partly,FOIA (b)(1) National Security,,,"8) NIE 11-61, 6 Apr 61, Probable Intelligence Warning of Soviet Attack on the US"
7553606,263,fileUnit,Restricted - Partly,FOIA (b)(1) National Security,,,"5) SNIE 100-5-57, 19 Mar 57, Probable World Reaction to Certain Civil Defense Programs"
7553713,263,fileUnit,Restricted - Partly,FOIA (b)(1) National Security,,,"SNIE 11/34-4-80, 21 Aug 80, Soviet Military Options in Iran"
102260479,263,series,Restricted - Fully,FOIA (b)(1) National Security,,,Organization and Staffing Files
7542207,263,fileUnit,Restricted - Partly,FOIA (b)(1) National Security,,,"32) NIE 58, 10 Sept 52, Relations Between the Chinese Communist Regime and the USSR"
7542594,263,fileUnit,Restricted - Partly,FOIA (b)(1) National Security,,,"52) NI IIM 83-10005JX, Dec 83, Soviet Wartime Management: The Role of Civil Defense in Leadership Continuity"
7542653,263,fileUnit,Restricted - Partly,FOIA (b)(1) National Security,,,"NIE 36.9/11-84, 5 Apr 84, South Yemen-USSR: Outlook for the Relationship"
7579614,263,fileUnit,Restricted - Fully,FOIA (b)(1) National Security,,,"MFR by Kirk re: Discussion with Sam Papich on Tuesday, 9 December 1958"
7579621,263,fileUnit,Restricted - Fully,FOIA (b)(1) National Security,,,"Letter to Mr. Clarendon from Kirk re: Steps to Get Fulbright Fellowship for Clavero Girl, 11/3/62"
6942952,263,series,Restricted - Partly,FOIA (b)(1) National Security,,,National Intelligence Estimates and Related Reports and Correspondence
7326973,263,fileUnit,Restricted - Possibly,FOIA (b)(1) National Security,,,"SNIE 34-2-59, 3 Feb 59, Consequences of a Soviet-Iranian Nonaggression Pact"
7542456,263,fileUnit,Restricted - Partly,FOIA (b)(1) National Security,,,"48) NIE 11-8-69, 9 Sept 69, Soviet Strategic Attack Forces"
7553245,263,fileUnit,Restricted - Partly,FOIA (b)(1) National Security,,,"11) NIE 29/1, 4 May 51, Review of the Conclusions of NIE 29, Probability of an Invasion of Yugoslavia in 1951"
7553582,263,fileUnit,Restricted - Partly,FOIA (b)(1) National Security,,,"40) Memo to Holders of NIE 11-3-71, Soviet Strategic Defenses"
7579501,263,fileUnit,Restricted - Fully,FOIA (b)(1) National Security,,,"Memo to Ex Dir from D. Fitzgerald re: Comments on Draft Article by Mario Lazo, 12/30/63"
1510078,263,series,Restricted - Partly,FOIA (b)(1) National Security,,,Weekly Information Reports on Communist China
7326865,263,fileUnit,Restricted - Possibly,FOIA (b)(1) National Security,,,"NIE 29/2, 4 Jan 52, Probable Developments in Yugoslavia and the Likelihood of Attack Upon Yugoslavia Through 1952"
7327046,263,fileUnit,Restricted - Possibly,FOIA (b)(1) National Security,,,"NIE 11-7-63, 13 Mar 63, The Clandestine Introduction of Weapons of Mass Destruction into the US"
7327122,263,fileUnit,Restricted - Possibly,FOIA (b)(1) National Security,,,"Memo to Holders of NIE 11-8-66, 13 Mar 67, Soviet Capabilities for Strategic Attack"
7327160,263,fileUnit,Restricted - Possibly,FOIA (b)(1) National Security,,,"NIE 11-60, 12 Apr 60, Trends in Soviet Military Capabilities in the Period 1965-1970"
7327252,263,fileUnit,Restricted - Possibly,FOIA (b)(1) National Security,,,"NI IIM 17-029, Dec 77, Soviet Civil Defense: Objectives, Pace, and Effectiveness"
7553322,263,fileUnit,Restricted - Partly,FOIA (b)(1) National Security,,,"88) SNIE 100-4-56, 10 Apr 56, Possibility of Chinese Communist Military Action Against Certain Offshore Islands"
7553439,263,fileUnit,Restricted - Partly,FOIA (b)(1) National Security,,,"24) NIE 11-63, 22 May 63, Main Trends in Soviet Foreign Policy"
7553460,263,fileUnit,Restricted - Partly,FOIA (b)(1) National Security,,,"45) SNIE 11/2-81, 27 May 81, Soviet Support for International Terrorism and Revolutionary Violence"
7553617,263,fileUnit,Restricted - Partly,FOIA (b)(1) National Security,,,"16) NIE 11-1-67, 4 Apr 68, The Soviet Space Program"
7327021,263,fileUnit,Restricted - Possibly,FOIA (b)(1) National Security,,,"SNIE 15-83, 31 Jan 83, Yugoslavia: An Approaching Crisis?"
7542440,263,fileUnit,Restricted - Partly,FOIA (b)(1) National Security,,,"32) NIE 11-8-63, 18 Oct 63, Soviet Capabilities for Strategic Attack"
7579550,263,fileUnit,Restricted - Fully,FOIA (b)(1) National Security,,,"Letter to G. Denniston from Kirk re: Present Search for Alumnus, 10/19/61"
7579662,263,fileUnit,Restricted - Fully,FOIA (b)(1) National Security,,,"Letter to Kirk from Sam Papich re: Illness, 7/30/52"
7553542,263,fileUnit,Restricted - Partly,FOIA (b)(1) National Security,,,"75) NIE 11-3/8-83, 6 Mar 84, Soviet Capabilities for Strategic Nuclear Conflict, 1983-93"
7326940,263,fileUnit,Restricted - Possibly,FOIA (b)(1) National Security,,,"NIE 100-4-57, 9 Jul 57, Implications of Growing Nuclear Capabilities for the Communist Bloc and the Free World"
7542505,263,fileUnit,Restricted - Partly,FOIA (b)(1) National Security,,,"22) NIE 11-3-65, 18 Nov 65, Soviet Strategic Air and Missile Defenses"
7553350,263,fileUnit,Restricted - Partly,FOIA (b)(1) National Security,,,"116) NIE 12-59, 11 Aug 59, Political Stability in the European Satellites"
102260483,263,series,Restricted - Fully,FOIA (b)(1) National Security,,,"Policy, Planning, and History Files"
7553267,263,fileUnit,Restricted - Partly,FOIA (b)(1) National Security,,,"33) NIE 47, 31 Oct 52, Communist Capabilities and Intentions in Asia Through Mid-1953"
7553324,263,fileUnit,Restricted - Partly,FOIA (b)(1) National Security,,,"90) SNIE 12-2-56, 30 Oct 56, Probable Developments in East Europe and Implications for Soviet Policy"
7542259,263,fileUnit,Restricted - Partly,FOIA (b)(1) National Security,,,"84) NIE 11-13/1-55, 6 Dec 55, Review of Soviet Foreign Policy in the Light of the Geneva Foreign Ministers' Conference"
7542265,263,fileUnit,Restricted - Partly,FOIA (b)(1) National Security,,,"90) SNIE 12-2-56, 30 Oct 56, Probable Developments in East Europe and Implications for Soviet Policy"
7542490,263,fileUnit,Restricted - Partly,FOIA (b)(1) National Security,,,"7) SNIE 100-6-60, 9 Aug 60, Probable Reactions to US Reconnaissance Satellite Programs"
7553521,263,fileUnit,Restricted - Partly,FOIA (b)(1) National Security,,,"54) NIE 11-3-72, 2 Nov 72, Soviet Strategic Defenses"
7327114,263,fileUnit,Restricted - Possibly,FOIA (b)(1) National Security,,,"NIE 11-4-65, 14 Apr 65, Main Trends in Soviet Military Policy"
7327188,263,fileUnit,Restricted - Possibly,FOIA (b)(1) National Security,,,"Memo to Holders of NIE 11-6-67, Soviet Strategy and Intentions in the Mediterranean Basin and SNIE 11-9-68, Soviet Interests and Activities in Arab States"
7553313,263,fileUnit,Restricted - Partly,FOIA (b)(1) National Security,,,"79) NIE 11-7-55, 23 Jun 55, Soviet Gross Capabilities for Attacks on the US and Key Overseas Installations and Forces Through 1 July 1958"
7553384,263,fileUnit,Restricted - Partly,FOIA (b)(1) National Security,,,"23) NIE 4-70, 7 Jul 70, The Clandestine Introduction of Nuclear Weapons into the US"
7553552,263,fileUnit,Restricted - Partly,FOIA (b)(1) National Security,,,"10) NIE 11-8/1-61, 21 Sept 61, Strength and Deployment of Soviet Long Range Ballistic Missile Forces"
7553659,263,fileUnit,Restricted - Partly,FOIA (b)(1) National Security,,,"58) NI IIA 84-10006, Dec 84, The Soviet Approach to Nuclear Winter"
7326905,263,fileUnit,Restricted - Possibly,FOIA (b)(1) National Security,,,"SNIE 11-7-54, 17 Aug 54, Soviet Gross Capabilities for Attacks on the US and Key Overseas Installations Through 1 July 1957"
7327059,263,fileUnit,Restricted - Possibly,FOIA (b)(1) National Security,,,"NIE 11-7-67, 28 Sept 67, Soviet Foreign Policy"
7542333,263,fileUnit,Restricted - Partly,FOIA (b)(1) National Security,,,"31) NIE 11-10-73, 2 Aug 73, Soviet Military Posture and Policies in the Third World, Volume I"
7542345,263,fileUnit,Restricted - Partly,FOIA (b)(1) National Security,,,"43) SNIE 12.6-81, 30 Jan 81, Poland's Prospects Over the Next Six Months"
7542470,263,fileUnit,Restricted - Partly,FOIA (b)(1) National Security,,,"62) NIE 11-4-77, 12 Jan 77, Soviet Strategic Objectives"
7326911,263,fileUnit,Restricted - Possibly,FOIA (b)(1) National Security,,,"NIE 10-7-54, 23 Nov 54, Communist Courses of Action in Asia through 1957"
7327340,263,fileUnit,Restricted - Possibly,FOIA (b)(1) National Security,,,"NIE 11-3/8-86, Apr 86, Soviet Forces and Capabilities for Strategic Nuclear Conflict Through the Mid-1990s"
1374168,263,fileUnit,Restricted - Partly,,,,"Artukovich, Andrew, Vol. 2"
5956122,263,series,Restricted - Fully,Other,,,Headquarters Incoming Dispatches Relating to PBSUCCESS
7542189,263,fileUnit,Restricted - Partly,FOIA (b)(1) National Security,,,"14) NIE 25, 2 Aug 51, Probable Soviet Courses of Action in Mid-1952"
7553586,263,fileUnit,Restricted - Partly,FOIA (b)(1) National Security,,,"44) Memo to Holders of SNIE 11/30-73, Soviet Military Options in the Middle East"
7327102,263,fileUnit,Restricted - Possibly,FOIA (b)(1) National Security,,,"NIE 11-3-61, 11 Jul 61, Sino-Soviet Air Defense Capabilities Through Mid-1966"
7542289,263,fileUnit,Restricted - Partly,FOIA (b)(1) National Security,,,"114) SNIE 11-7-59, 30 Jun 59, Probable Soviet Position at a Conference on Antarctica"
7542397,263,fileUnit,Restricted - Partly,FOIA (b)(1) National Security,,,"41) SNIE 11-9-69, 17 Jul 69, Current Soviet Attitudes Toward the US"
7553330,263,fileUnit,Restricted - Partly,FOIA (b)(1) National Security,,,"96) SNIE 100-2-57, 28 May 57, Soviet Capabilities for Deception"
7553407,263,fileUnit,Restricted - Partly,FOIA (b)(1) National Security,,,"46) SNIE 11/80/90-82, 25 Jun 82, Soviet Policies and Activities in Latin America and the Caribbean"
7327196,263,fileUnit,Restricted - Possibly,FOIA (b)(1) National Security,,,"NIE 11-14-69, 4 Dec 69, Soviet and East European General Purpose Forces"
7327240,263,fileUnit,Restricted - Possibly,FOIA (b)(1) National Security,,,"NIE 11-1-71, 1 Jul 71, The Soviet Space Program"
7542465,263,fileUnit,Restricted - Partly,FOIA (b)(1) National Security,,,"57) SNIE 11-4-73, 10 Sept 73, Soviet Strategic Arms Programs and Détente: What Are They Up To?"
7542221,263,fileUnit,Restricted - Partly,FOIA (b)(1) National Security,,,"46) NIE 87, 28 May 53, Probable Developments Within the European Satellites, Through Mid-1955"
7542281,263,fileUnit,Restricted - Partly,FOIA (b)(1) National Security,,,"106) SNIE 100-7-58, 22 Jul 58, Sino-Soviet and Free World Reactions to US Use of Nuclear Weapons in Limited Wars in the Far East"
7542597,263,fileUnit,Restricted - Partly,FOIA (b)(1) National Security,,,"55) SNIE 11-16-85/L, Mar 85, Soviet Strategic and Political Objectives in Arms Control in 1985"
7553695,263,fileUnit,Restricted - Partly,FOIA (b)(1) National Security,,,"SNIE 11-7/9-85/L, Aug 85, Soviet Reactions to Stealth"
7579490,263,fileUnit,Restricted - Fully,FOIA (b)(1) National Security,,,"MFR re: Telephone Call from Mario Lazo, 1/9/59"
7553294,263,fileUnit,Restricted - Partly,FOIA (b)(1) National Security,,,"60) NIE 10-2-54, 15 Mar 54, Communist Courses of Action in Asia Through Mid-1955"
7553315,263,fileUnit,Restricted - Partly,FOIA (b)(1) National Security,,,"81) NIE 11-5-55, 12 July 55, Air Defense of the Sino-Soviet Bloc, 1955-1960"
7553620,263,fileUnit,Restricted - Partly,FOIA (b)(1) National Security,,,"19) NIE 11-1-69, 19 Jun 69, The Soviet Space Program"
7579645,263,fileUnit,Restricted - Fully,FOIA (b)(1) National Security,,,"MFR from J.S. Earman re: True Magazine Article, 8/12/59"
7327186,263,fileUnit,Restricted - Possibly,FOIA (b)(1) National Security,,,"NIE 11-14-67, 16 Nov 67, The Soviet and East European General Purpose Forces"
7326938,263,fileUnit,Restricted - Possibly,FOIA (b)(1) National Security,,,"SNIE 100-7-57, 11 Jun 57, Probable Sino-Soviet Reactions to US Deployment of Nuclear Weapons Systems"
7327038,263,fileUnit,Restricted - Possibly,FOIA (b)(1) National Security,,,"NIE 11-5-62, 21 Feb 62, Political Developments in the USSR and the Communist World"
7579505,263,fileUnit,Restricted - Fully,FOIA (b)(1) National Security,,,"Note from Doris Michel re: Call from Mr. Lazo, 7/7/64"
7326900,263,fileUnit,Restricted - Possibly,FOIA (b)(1) National Security,,,"NIE 10-54, 9 Mar 54, Soviet Bloc Economic Warfare Capabilities and Courses of Action"
7327258,263,fileUnit,Restricted - Possibly,FOIA (b)(1) National Security,,,"SNIE 11/50/37-82, 2 Feb 82, Use of Toxins and Other Lethal Chemicals in Southeast Asia and Afghanistan - Volume I"
7553244,263,fileUnit,Restricted - Partly,FOIA (b)(1) National Security,,,"10) NIE 29, 20 Mar 51, Probability of an Invasion of Yugoslavia in 1951"
7553309,263,fileUnit,Restricted - Partly,FOIA (b)(1) National Security,,,"75) NIE 10-55, 12 Apr 55, Anti-Communist Resistance Potential in the Sino-Soviet Bloc"
7579548,263,fileUnit,Restricted - Fully,FOIA (b)(1) National Security,,,"Memo to T. Parrott from Kirk re: Material for Mr. Sorenson, 11/17/61"
7542274,263,fileUnit,Restricted - Partly,FOIA (b)(1) National Security,,,"99) SNIE 11-9-57, 24 Sept 57, Probable Soviet Action in Various Contingencies Affecting Syria"
7542295,263,fileUnit,Restricted - Partly,FOIA (b)(1) National Security,,,"120) NIE 11-7-61, 25 Apr 61, Soviet Short-Term Intentions Regarding Berlin and Germany"
7542308,263,fileUnit,Restricted - Partly,FOIA (b)(1) National Security,,,"6) SNIE 12.4-60, 3 May 60, The Situation and Prospects in East Germany"
7542335,263,fileUnit,Restricted - Partly,FOIA (b)(1) National Security,,,"33) NIE 11/12-73, 4 Oct 73, Soviet and East European Attitudes Toward MBFR (Mutual and Balanced Forced Reductions)"
7553318,263,fileUnit,Restricted - Partly,FOIA (b)(1) National Security,,,"84) NIE 11-13/1-55, 6 Dec 55, Review of Soviet Foreign Policy in the Light of the Geneva Foreign Ministers' Conference"
7553378,263,fileUnit,Restricted - Partly,FOIA (b)(1) National Security,,,"17) SNIE 10-12-65, 10 Dec 65, Probable Communist Reactions to a US Course of Action"
7553690,263,fileUnit,Restricted - Partly,FOIA (b)(1) National Security,,,"NI IIM 84-10016/DS, Jun 85, Soviet Tank Programs"
1501579,263,fileUnit,Restricted - Fully,FOIA (b)(1) National Security,,,Index Data File [Classified]
7542268,263,fileUnit,Restricted - Partly,FOIA (b)(1) National Security,,,"93) SNIE 12-3-56, 27 Nov 56, Probable Developments in Soviet-Satellite Relations"
7553398,263,fileUnit,Restricted - Partly,FOIA (b)(1) National Security,,,"37) NIE 11-10-76, 21 Oct 76, Soviet Military Policy in the Third World"
7579535,263,fileUnit,Restricted - Fully,FOIA (b)(1) National Security,,,"Letter to Dulles from Kirk re: Desire of Col. Wilfred Smith to Write a History of the OSS, 12/29/64"
5956119,263,series,Restricted - Fully,Other,,,Headquarters Outgoing Cables Relating to PBSUCCESS
7326866,263,fileUnit,Restricted - Possibly,FOIA (b)(1) National Security,,,"NIE 48, 8 Jan 52, Likelihood of the Deliberate Initiation of Full-Scale War by the USSR Against the US and Its Western Allies Prior to the End of 1952"
7327022,263,fileUnit,Restricted - Possibly,FOIA (b)(1) National Security,,,"SNIE 11/30-83, 8 Feb 83, Soviet Policy in the Middle East and South Asia Under Andropov"
7327126,263,fileUnit,Restricted - Possibly,FOIA (b)(1) National Security,,,"NIE 11-4-68, 19 Sept 68, Main Issues in Soviet Military Policy"
7451025,263,series,Restricted - Partly,FOIA (b)(1) National Security,,,Personal Papers of Lyman Patrick
7542252,263,fileUnit,Restricted - Partly,FOIA (b)(1) National Security,,,"77) NIE 11-8-55, 19 May 55, The Implications of the Austrian Treaty for the Policies of the USSR and Other States"
7542316,263,fileUnit,Restricted - Partly,FOIA (b)(1) National Security,,,"14) SNIE 10-9-65, 23 Jul 65, Communist and Free World Reactions to a Possible US Course of Action"
7542343,263,fileUnit,Restricted - Partly,FOIA (b)(1) National Security,,,"41) NIE 11/13-80, 5 Jun 80, Sino-Soviet Relations in the Early 1980's"
7553365,263,fileUnit,Restricted - Partly,FOIA (b)(1) National Security,,,"4) SNIE 34-2-59, 3 Feb 59, Consequences of a Soviet-Iranian Nonaggression Pact"
7553706,263,fileUnit,Restricted - Partly,FOIA (b)(1) National Security,,,"NIO IIM 76-035, 2 Aug 76, Prospects for Soviet Naval Access to Mediterranean Shore Facilities"
7326867,263,fileUnit,Restricted - Possibly,FOIA (b)(1) National Security,,,"NIE 53, 19 Feb 52, Probable Soviet Courses of Action with Respect to Germany During 1952"
7542620,263,fileUnit,Restricted - Partly,FOIA (b)(1) National Security,,,"NI IIM 81-10001JX, Apr 82, The Readiness of Soviet Air Forces"
7553618,263,fileUnit,Restricted - Partly,FOIA (b)(1) National Security,,,"17) NIE 4-68, 13 Jun 68, The Clandestine Introduction of Weapons of Mass Destruction into the US"
7542451,263,fileUnit,Restricted - Partly,FOIA (b)(1) National Security,,,"43) NIE 11-4-67, 20 Jul 67, Main Trends in Soviet Military Policy"
7542601,263,fileUnit,Restricted - Partly,FOIA (b)(1) National Security,,,"IIM, Nov 75, Soviet Dependence on Space Systems"
7553732,263,fileUnit,Restricted - Partly,FOIA (b)(1) National Security,,,"NIE 11/70-85, Feb 87, Soviet and Cuban Objectives and Activity in Southern Africa Through 1988"
7326960,263,fileUnit,Restricted - Possibly,FOIA (b)(1) National Security,,,"SNIE 11-9A-59, 8 Sept 59, Probable Soviet Position on Nuclear Weapons Testing"
7326972,263,fileUnit,Restricted - Possibly,FOIA (b)(1) National Security,,,"SNIE 11-8-58, 8 Jul 58, Implications of Current Soviet Conduct"
7327185,263,fileUnit,Restricted - Possibly,FOIA (b)(1) National Security,,,"SNIE 4-1-67, 6 Jul 67, Implications of a Mutual Reduction of US and Soviet Forces in Europe"
7542245,263,fileUnit,Restricted - Partly,FOIA (b)(1) National Security,,,"70) NIE 10-7-54, 23 Nov 54, Communist Courses of Action in Asia through 1957"
7542257,263,fileUnit,Restricted - Partly,FOIA (b)(1) National Security,,,"82) SNIE 11-10-55, 2 Aug 55, Soviet Gross Capabilities for Attacks on the US and Key Overseas Installations and Forces in 1965"
7553562,263,fileUnit,Restricted - Partly,FOIA (b)(1) National Security,,,"20) NIE 11-12-65, 22 Sept 65, Reactions to Certain US Ballistic Missile Defense Programs"
7553601,263,fileUnit,Restricted - Partly,FOIA (b)(1) National Security,,,"59) NIE 11-6-84, Nov 84, Soviet Global Military Reach"
7579659,263,fileUnit,Restricted - Fully,FOIA (b)(1) National Security,,,"Letter to Hoover from Kirk re: Sincere Appreciation for Thoughtfulness During Illness, 9/5/52"
490164762,263,series,Restricted - Partly,John F. Kennedy Assassination Records Collection Act,1959,1984,Records Relating to the Assassination of U.S. President John F. Kennedy
7542288,263,fileUnit,Restricted - Partly,FOIA (b)(1) National Security,,,"113) SNIE 100-7-59, 11 Jun 59, Soviet Tactics on Berlin"
7542480,263,fileUnit,Restricted - Partly,FOIA (b)(1) National Security,,,"72) NIE 11/4-82, 10 Aug 82, The Soviet Challenge to US Security Interests"
7579590,263,fileUnit,Restricted - Fully,FOIA (b)(1) National Security,,,"Letter to Kirk from Hoover re: True Magazine Article, 9/16/59"
4509738,263,series,Restricted - Possibly,,,,Intelligence Reports
7326964,263,fileUnit,Restricted - Possibly,FOIA (b)(1) National Security,,,"SNIE 2-2-61, 11 Jul 61, Soviet and Other Reactions to Possible US Courses of Action with Respect to Berlin"
7327233,263,fileUnit,Restricted - Possibly,FOIA (b)(1) National Security,,,"NIE 11-1-67, 4 Apr 68, The Soviet Space Program"
7542466,263,fileUnit,Restricted - Partly,FOIA (b)(1) National Security,,,"58) NIE 11-8-73, 25 Jan 74, Soviet Forces for Intercontinental Attack"
7553333,263,fileUnit,Restricted - Partly,FOIA (b)(1) National Security,,,"99) SNIE 11-9-57, 24 Sept 57, Probable Soviet Action in Various Contingencies Affecting Syria"
7553577,263,fileUnit,Restricted - Partly,FOIA (b)(1) National Security,,,"35) NIE 11-3-68, 31 Oct 68, Soviet Strategic Air and Missile Defenses"
7326874,263,fileUnit,Restricted - Possibly,FOIA (b)(1) National Security,,,"NIE 64 (Part I, 12 Nov 52, Soviet Bloc Capabilities Through Mid-1953"
7542464,263,fileUnit,Restricted - Partly,FOIA (b)(1) National Security,,,"56) SR RP 73-1, 1 Jun 73, Soviet Nuclear Doctrine: Concepts of Intercontinental and Theater War"
1280597,263,series,Restricted - Partly,FOIA (b)(1) National Security,,,Information Reports Filed Under File Code OO-W
7327239,263,fileUnit,Restricted - Possibly,FOIA (b)(1) National Security,,,"NIE 11-8-70, 24 Nov 70, Soviet Forces for Intercontinental Attack, Annex I"
7553401,263,fileUnit,Restricted - Partly,FOIA (b)(1) National Security,,,"40) NIE 15-79, 1 Feb 80, Prospects for Post-Tito Yugoslavia"
1374244,263,fileUnit,Restricted - Partly,,,,"Buettner, Reinhold"
7327179,263,fileUnit,Restricted - Possibly,FOIA (b)(1) National Security,,,"NIE 11-3-65, 18 Nov 65, Soviet Strategic Air and Missile Defenses"
7553510,263,fileUnit,Restricted - Partly,FOIA (b)(1) National Security,,,"43) NIE 11-4-67, 20 Jul 67, Main Trends in Soviet Military Policy"
7579495,263,fileUnit,Restricted - Fully,FOIA (b)(1) National Security,,,"Memo to Chief, WH Division re: Mario Lazo, 11/6/61"
7542286,263,fileUnit,Restricted - Partly,FOIA (b)(1) National Security,,,"111) NIE 100-5-59, 3 Feb 59, Implications for the Free World and the Communist Bloc of Growing Nuclear Capabilities"
7542646,263,fileUnit,Restricted - Partly,FOIA (b)(1) National Security,,,"NIO IIM 76-013C, Mar 76, Soviet and Cuban Aid to the MPLA in Angola During February 1976"
7553237,263,fileUnit,Restricted - Partly,FOIA (b)(1) National Security,,,"3) NIE 11, 5 Dec 50, Soviet Intentions in the Current Situation"
7553312,263,fileUnit,Restricted - Partly,FOIA (b)(1) National Security,,,"78) NIE 100-5-55, 14 Jun 55, Implications of Growing Nuclear Capabilities for the Communist Bloc and the Free World"
7553343,263,fileUnit,Restricted - Partly,FOIA (b)(1) National Security,,,"109) SNIE 100-8-58, 7 Oct 58, Implications of an Increase in US-Soviet Trade"
7553485,263,fileUnit,Restricted - Partly,FOIA (b)(1) National Security,,,"18) NIE 11-5-60, Soviet Capabilities in Guided Missiles and Space Vehicles"
7553495,263,fileUnit,Restricted - Partly,FOIA (b)(1) National Security,,,"28) Memo for Holders of NIE 11-8-62, 6 Jul 62, : Soviet Capabilities for Long Range Attack"
7579567,263,fileUnit,Restricted - Fully,FOIA (b)(1) National Security,,,"Memo to Mr. McCone from Kirk re: Survey of the Cuban Operation, 11/20/61"
7327253,263,fileUnit,Restricted - Possibly,FOIA (b)(1) National Security,,,"NI IIM 78-10018J, Aug 78, Indications and Warning of Soviet Intentions to Us Chemical Weapons During a NATO-Warsaw Pact War"
7542621,263,fileUnit,Restricted - Partly,FOIA (b)(1) National Security,,,"NI IIM 82-10006, Jun 82, The Technology Acquisition Efforts of the Soviet Intelligence Services"
7326970,263,fileUnit,Restricted - Possibly,FOIA (b)(1) National Security,,,"NIE 29, 20 Mar 51, Probability of an Invasion of Yugoslavia in 1951"
7327012,263,fileUnit,Restricted - Possibly,FOIA (b)(1) National Security,,,"NIE 11/13-80, 5 Jun 80, Sino-Soviet Relations in the Early 1980's"
7327305,263,fileUnit,Restricted - Possibly,FOIA (b)(1) National Security,,,"NI IIM 85-10008, Dec 85, Air Defense of the USSR"
7542264,263,fileUnit,Restricted - Partly,FOIA (b)(1) National Security,,,"89) NIE 100-3-56, 24 Apr 56, Sino-Soviet Policy and Its Probable Effects in Underdeveloped Areas"
7579533,263,fileUnit,Restricted - Fully,FOIA (b)(1) National Security,,,"Letter to Dulles from Kirk re: List of OSS Veterans, 2/6/65"
102260455,263,series,Restricted - Fully,FOIA (b)(1) National Security,1943,1961,Collection Programs Mission Files
7327343,263,fileUnit,Restricted - Possibly,FOIA (b)(1) National Security,,,"NI IIM 86-10003, Mar 86, Soviet Economic Aid to Sub-Saharan Africa: Politics in Command"
7542441,263,fileUnit,Restricted - Partly,FOIA (b)(1) National Security,,,"33) NIE 11-4-64, 22 Apr 64, Main Trends in Soviet Military Policy"
7553444,263,fileUnit,Restricted - Partly,FOIA (b)(1) National Security,,,"29) NIE 10-2-64, 10 Jun 64, prospects for the International Communist Movement"
7327261,263,fileUnit,Restricted - Possibly,FOIA (b)(1) National Security,,,"NIE 11-1-83 - Key Judgments, 19 Jul 83, The Soviet Space Program"
7542644,263,fileUnit,Restricted - Partly,FOIA (b)(1) National Security,,,"NIO IIM 76-007C, Feb 76, Soviet and Cuban Aid to the MPLA in Angola During January 1976"
7553323,263,fileUnit,Restricted - Partly,FOIA (b)(1) National Security,,,"89) NIE 100-3-56, 24 Apr 56, Sino-Soviet Policy and Its Probable Effects in Underdeveloped Areas"
7553598,263,fileUnit,Restricted - Partly,FOIA (b)(1) National Security,,,"56) NIE 11/39-83D, Dec 83, Soviet Forces and Capabilities in the Southern Theater of Military Operations"
7553667,263,fileUnit,Restricted - Partly,FOIA (b)(1) National Security,,,"NIE 12-68, 7 Nov 68, Eastern Europe and the USSR in the Aftermath of the Invasion of Czechoslovakia"
7327039,263,fileUnit,Restricted - Possibly,FOIA (b)(1) National Security,,,"NIE 11-9-62, 2 May 62, Trends in Soviet Foreign Policy"
7542399,263,fileUnit,Restricted - Partly,FOIA (b)(1) National Security,,,"43) SNIE 30-70, 14 May 70, The USSR and the Egyptian-Israeli Confrontation"
7542542,263,fileUnit,Restricted - Partly,FOIA (b)(1) National Security,,,"59) NIE 11-6-84, Nov 84, Soviet Global Military Reach"
7553579,263,fileUnit,Restricted - Partly,FOIA (b)(1) National Security,,,"37) Memo to Holders of NIE 11-8-68, Soviet Strategic Attack Forces"
7579617,263,fileUnit,Restricted - Fully,FOIA (b)(1) National Security,,,"Letter to Hoover from Kirk re: Recent Brief Trip Through the Caribbean and Central America, 9/12/58"
7542457,263,fileUnit,Restricted - Partly,FOIA (b)(1) National Security,,,"49) NIE 11-8-70, 24 Nov 70, Soviet Forces for Intercontinental Attack"
7542558,263,fileUnit,Restricted - Partly,FOIA (b)(1) National Security,,,"16) NIE 11-1-67, 4 Apr 68, The Soviet Space Program"
7553465,263,fileUnit,Restricted - Partly,FOIA (b)(1) National Security,,,"50) NICM 82-10005, Apr 82, The US-Soviet Competition for Influence in the Third World: How LDCs (Less Developed Countries) Play It"
5956115,263,series,Restricted - Fully,Other,,,Headquarters PBFORTUNE/PBSUCCESS Planning Files
7326855,263,fileUnit,Restricted - Possibly,FOIA (b)(1) National Security,,,"SE 11, 17 Aug 51, Probability of a Communist Assault on Japan in 1951"
7327313,263,fileUnit,Restricted - Possibly,FOIA (b)(1) National Security,,,"NIE 11-19-85/D, Jun 85, Soviet Strategy and Capabilities for Multitheater War"
7542606,263,fileUnit,Restricted - Partly,FOIA (b)(1) National Security,,,"NIE 11-12-66, 1 Dec 66, The Outlook for Sino-Soviet Relations"
7542628,263,fileUnit,Restricted - Partly,FOIA (b)(1) National Security,,,"SNIE 71/11-85, Oct 85, Soviet Military Support to Angola: Intentions and Prospects"
7553387,263,fileUnit,Restricted - Partly,FOIA (b)(1) National Security,,,"26) NIE 11-72, 20 Apr 72, soviet Foreign Policies and the Outlook for Soviet-American Relations"
7579556,263,fileUnit,Restricted - Fully,FOIA (b)(1) National Security,,,"Memo for J. McCone from Dulles re: IG's Survey of the Cuban Operation, 2/15/62"
7579636,263,fileUnit,Restricted - Fully,FOIA (b)(1) National Security,,,"Letter to DCI from Hoover re: Confidential Informant, 6/29/59"
5956126,263,series,Restricted - Fully,Other,,,Headquarters PBHISTORY Document Files
7327044,263,fileUnit,Restricted - Possibly,FOIA (b)(1) National Security,,,"NIE 11-1-62, 5 Dec 62, The Soviet Space Program"
7327048,263,fileUnit,Restricted - Possibly,FOIA (b)(1) National Security,,,"NIE 11-6-63, 24 Apr 63, The Soviet Role in the Arab World"
7579499,263,fileUnit,Restricted - Fully,FOIA (b)(1) National Security,,,"MFR re: Lunch with Mario Lazo and Jorge Cubas, 4/18/63"
7326943,263,fileUnit,Restricted - Possibly,FOIA (b)(1) National Security,,,"NIE 12-58, 4 Feb 58, Outlook for Stability in the Eastern European Satellites"
7327004,263,fileUnit,Restricted - Possibly,FOIA (b)(1) National Security,,,"NIE 11/12-73, 4 Oct 73, Soviet and East European Attitudes Toward MBFR (Mutual and Balanced Forced Reductions"
7553532,263,fileUnit,Restricted - Partly,FOIA (b)(1) National Security,,,"65) NIE 11-6-78, 12 Sept 78, Soviet Strategic Forces for Peripheral Attack"
7553661,263,fileUnit,Restricted - Partly,FOIA (b)(1) National Security,,,"NIE 11-6-56, 9 Oct 56, Capabilities and Trends of Soviet Science and Technology"
7326847,263,fileUnit,Restricted - Possibly,FOIA (b)(1) National Security,,,"NIE 4, 1 Feb 51, Soviet Courses of Action with Respect to Germany"
7326920,263,fileUnit,Restricted - Possibly,FOIA (b)(1) National Security,,,"NIE 11-7-55, 23 Jun 55, Soviet Gross Capabilities for Attacks on the US and Key Overseas Installations and Forces Through 1 July 1958"
7326975,263,fileUnit,Restricted - Possibly,FOIA (b)(1) National Security,,,"SNIE 12.4-60, 3 May 60, The Situation and Prospects in East Germany"
7327178,263,fileUnit,Restricted - Possibly,FOIA (b)(1) National Security,,,"NIE 11-14-65, 21 Oct 65, Capabilities of Soviet General Purpose Forces"
7542488,263,fileUnit,Restricted - Partly,FOIA (b)(1) National Security,,,"5) NIE 11-60, 12 Apr 60, Trends in Soviet Military Capabilities in the Period 1965-1970"
7553249,263,fileUnit,Restricted - Partly,FOIA (b)(1) National Security,,,"15) SE 11, 17 Aug 51, Probability of a Communist Assault on Japan in 1951"
7553348,263,fileUnit,Restricted - Partly,FOIA (b)(1) National Security,,,"114) SNIE 11-7-59, 30 Jun 59, Probable Soviet Position at a Conference on Antarctica"
7553701,263,fileUnit,Restricted - Partly,FOIA (b)(1) National Security,,,"SNIE 11/30-1-75, 30 Jan 75, Possible Soviet Military Intervention in a Syria-Israeli War"
7542591,263,fileUnit,Restricted - Partly,FOIA (b)(1) National Security,,,"49) NIE 11-1-85J, Dec 85, Soviet Space Programs"
7553491,263,fileUnit,Restricted - Partly,FOIA (b)(1) National Security,,,"24) NIE 11-8/1-61, 21 Sept 61, Strength and Deployment of Soviet Long Range Ballistic Missile Forces"
7579496,263,fileUnit,Restricted - Fully,FOIA (b)(1) National Security,,,"MFR re: Visit from Mario Lazo, 11/6/61"
7579601,263,fileUnit,Restricted - Fully,FOIA (b)(1) National Security,,,"Note to Mr. Angleton from LBK re: It Was a Long Hard Fight, 3/26/62"
7326979,263,fileUnit,Restricted - Possibly,FOIA (b)(1) National Security,,,"SNIE 10-3-65, 11 Feb 65, Communist Reactions to Possible US Actions"
7327111,263,fileUnit,Restricted - Possibly,FOIA (b)(1) National Security,,,"NIE 11-8-63, 18 Oct 63, Soviet Capabilities for Strategic Attack"
7327197,263,fileUnit,Restricted - Possibly,FOIA (b)(1) National Security,,,"Memo to Holders of NIE 11-3-71, Soviet Strategic Defenses"
7542555,263,fileUnit,Restricted - Partly,FOIA (b)(1) National Security,,,"13) NIE 11-1-65, 27 Jan 65, The Soviet Space Program"
7553505,263,fileUnit,Restricted - Partly,FOIA (b)(1) National Security,,,"38) NIE 11-8-65, 7 Oct 65, Soviet Capabilities for Strategic Attack"
7579542,263,fileUnit,Restricted - Fully,FOIA (b)(1) National Security,,,"Letter to Dulles from Kirk re: Fill-In on What We Have Been Doing as Far as Alumni, 8/15/63"
7579646,263,fileUnit,Restricted - Fully,FOIA (b)(1) National Security,,,"Handwritten Note, Routing Slip Regarding True Magazine Article, 8/13/59"
7579657,263,fileUnit,Restricted - Fully,FOIA (b)(1) National Security,,,"Letter to Kirk from D. Milton Ladd re: Just Learned You Had Returned to Work, 4/3/53"
102260452,263,series,Restricted - Fully,FOIA (b)(3) Statute; FOIA (b)(1) National Security,,,Board Files
7327237,263,fileUnit,Restricted - Possibly,FOIA (b)(1) National Security,,,"Memo to Holders of NIE 11-1-69, The Soviet Space Program"
7327332,263,fileUnit,Restricted - Possibly,FOIA (b)(1) National Security,,,"SNIE 11-9-84, Soviet Policy Toward the United States in 1984"
7542197,263,fileUnit,Restricted - Partly,FOIA (b)(1) National Security,,,"22) NIE 43, 13 Nov 51, The Strategic Importance of the Far East to the USSR"
7542261,263,fileUnit,Restricted - Partly,FOIA (b)(1) National Security,,,"86) NIE 12-56, 10 Jan 56, Probable Developments in the European Satellites Through 1960"
7542485,263,fileUnit,Restricted - Partly,FOIA (b)(1) National Security,,,"2) NIE 11-58, 4 Mar 58, Possible Soviet Long Range Bomber Development, 1958-1962"
7553403,263,fileUnit,Restricted - Partly,FOIA (b)(1) National Security,,,"42) SNIE 11-34/36.2-80, 24 Dec 80, Soviet Interests, Policies, and Prospects with Respect to the Iran-Iraq War"
7553346,263,fileUnit,Restricted - Partly,FOIA (b)(1) National Security,,,"112) SNIE 100-2-59, 24 Feb 59, Probable Soviet Courses of Action Regarding Berlin and Germany"
7579598,263,fileUnit,Restricted - Fully,FOIA (b)(1) National Security,,,"Memo to Asst Dir. For Ops Via DD/I from Kirk re: Proposed Publication by Harpers Bros, 7/31/61"
7542532,263,fileUnit,Restricted - Partly,FOIA (b)(1) National Security,,,"49) NI IIM 10022J, 28 Sept 79, Soviet Options in Afghanistan"
7542654,263,fileUnit,Restricted - Partly,FOIA (b)(1) National Security,,,"SNIE 11/34-4-80, 21 Aug 80, Soviet Military Options in Iran"
102260474,263,series,Restricted - Fully,FOIA (b)(1) National Security,,,Legislative Counsel Policy Files
7542270,263,fileUnit,Restricted - Partly,FOIA (b)(1) National Security,,,"95) NIE 12-57, 19 Feb 57, Stability of the Soviet Satellite Structure"
7326913,263,fileUnit,Restricted - Possibly,FOIA (b)(1) National Security,,,"SNIE 11-4-55, 15 Feb 55, Review of Current Communist Attitudes Toward General War"
7542208,263,fileUnit,Restricted - Partly,FOIA (b)(1) National Security,,,"33) NIE 47, 31 Oct 52, Communist Capabilities and Intentions in Asia Through Mid-1953"
7542291,263,fileUnit,Restricted - Partly,FOIA (b)(1) National Security,,,"116) NIE 12-59, 11 Aug 59, Political Stability in the European Satellites"
7327024,263,fileUnit,Restricted - Possibly,FOIA (b)(1) National Security,,,"NIC M  82-10004, Apr 82, The Soviet Bloc Financial Problem as a Source of Western Influence"
7542238,263,fileUnit,Restricted - Partly,FOIA (b)(1) National Security,,,"63) SNIE 10-4-54, 15 Jun 54, Communist Reactions to Certain US Courses of Action with Respect to Indochina"
7542435,263,fileUnit,Restricted - Partly,FOIA (b)(1) National Security,,,"27) NIE 11-8-62, 6 Jul 62, Soviet Capabilities for Long Range Attack"
7553497,263,fileUnit,Restricted - Partly,FOIA (b)(1) National Security,,,"30) NIE 11-4-63, 22 Mar 63, Soviet Military Capabilities and Policies, 1962-1967"
7553504,263,fileUnit,Restricted - Partly,FOIA (b)(1) National Security,,,"37) Memo to Holders of NIE 11-4-65, 5 Aug 65, Main Trends in Soviet Military Policy, Soviet Economic Problems, and Prospects"
7579558,263,fileUnit,Restricted - Fully,FOIA (b)(1) National Security,,,"Memo to Kirk re: IG's Cuban Survey and the DD/P's Analysis of Cuban Operation, 1/26/62"
7579619,263,fileUnit,Restricted - Fully,FOIA (b)(1) National Security,,,"Letter to Mr. Clarendon from Kirk re: Fulbright Fellowship for Daughter of Mrs. Clavero, 9/10/62"
102260475,263,series,Restricted - Fully,FOIA (b)(1) National Security,,,Liaison Files
5956116,263,series,Restricted - Fully,Other,,,Headquarters PBFORTUNE/PBSUCCESS Subject Files
7553277,263,fileUnit,Restricted - Partly,FOIA (b)(1) National Security,,,"43) SE 42, 24 Apr 53, Current Communist Tactics"
7553639,263,fileUnit,Restricted - Partly,FOIA (b)(1) National Security,,,"38) NI IIM 81-10001D, Jul 81, Soviet Civil Defense: Objectives, Pace, and Effectiveness"
7542349,263,fileUnit,Restricted - Partly,FOIA (b)(1) National Security,,,"47) NIE 11/4-82, 10 Aug 82, The Soviet Challenge to US Security Interests"
7542544,263,fileUnit,Restricted - Partly,FOIA (b)(1) National Security,,,"2) NIE 95, 25 Sept 53, Probable Soviet Bloc Courses of Action Through Mid-1955"
7579605,263,fileUnit,Restricted - Fully,FOIA (b)(1) National Security,,,"Letter to Dr. H. Rusk from Kirk re: Presence in the City Last Week on the Occasion of the Honor of Hoover, 12/11/61"
102260493,263,series,Restricted - Fully,FOIA (b)(1) National Security,,,Substantive Subject Files
7326918,263,fileUnit,Restricted - Possibly,FOIA (b)(1) National Security,,,"NIE 11-8-55, 19 May 55, The Implications of the Austrian Treaty for the Policies of the USSR and Other States"
7327010,263,fileUnit,Restricted - Possibly,FOIA (b)(1) National Security,,,"NIE 15-79, 25 Sept 79, Prospects for Post-Tito Yugoslavia"
7327129,263,fileUnit,Restricted - Possibly,FOIA (b)(1) National Security,,,"NIE 11-8-70, 24 Nov 70, Soviet Forces for Intercontinental Attack"
7542463,263,fileUnit,Restricted - Partly,FOIA (b)(1) National Security,,,"55) NIE 11-3-72, 20 Dec 73, Soviet Strategic Defenses"
7553645,263,fileUnit,Restricted - Partly,FOIA (b)(1) National Security,,,"44) NIE 11-1-83, 19 Jul 83, The Soviet Space Program"
7542379,263,fileUnit,Restricted - Partly,FOIA (b)(1) National Security,,,"23) NIE 11-6-63, 24 Apr 63, The Soviet Role in the Arab World"
7542569,263,fileUnit,Restricted - Partly,FOIA (b)(1) National Security,,,"27) NIE 11-1-73, 20 Dec 73, Soviet Space Programs"
7553355,263,fileUnit,Restricted - Partly,FOIA (b)(1) National Security,,,"121) SNIE 2-61, 13 Jun 61, Soviet and Other Reactions to Various Courses of Action Regarding Berlin"
7553421,263,fileUnit,Restricted - Partly,FOIA (b)(1) National Security,,,"6) SNIE 11-10-61, 24 Aug 61, Soviet Tactics in the Berlin Crisis"
7553432,263,fileUnit,Restricted - Partly,FOIA (b)(1) National Security,,,"17) SNIE 11-13-62, 13 Jun 62, Soviet Intentions with Respect to Berlin"
7553453,263,fileUnit,Restricted - Partly,FOIA (b)(1) National Security,,,"38) SNIE 11-16-68, 7 Nov 68, The Soviet Approach to Arms Control"
7326869,263,fileUnit,Restricted - Possibly,FOIA (b)(1) National Security,,,"NIE 60, 30 April 1952, Civil Defense in the USSR"
7553691,263,fileUnit,Restricted - Partly,FOIA (b)(1) National Security,,,"NIE 11-15-84/D, Mar 85, Soviet Naval Strategy and Programs Through the 1990s"
7542301,263,fileUnit,Restricted - Partly,FOIA (b)(1) National Security,,,"126) SNIE 2-5-61, 14 Sept 61, Soviet Reactions to Certain US Courses of Action"
7542517,263,fileUnit,Restricted - Partly,FOIA (b)(1) National Security,,,"34) SNIE 11-17-68, 8 Oct 68, Capabilities of the Warsaw Pact Against NATO"
7553531,263,fileUnit,Restricted - Partly,FOIA (b)(1) National Security,,,"64) NIE 11-4-78, 9 May 78, Soviet Goals and Expectations in the Global Power Arena"
7542292,263,fileUnit,Restricted - Partly,FOIA (b)(1) National Security,,,"117) NIE 11-9-59, 8 Sept 59, Probable Soviet Position on Nuclear Weapons Testing"
7542391,263,fileUnit,Restricted - Partly,FOIA (b)(1) National Security,,,"35) SNIE 11-9-68, 18 Jan 68, Soviet Interests and Activities in Arab States"
7579644,263,fileUnit,Restricted - Fully,FOIA (b)(1) National Security,,,"Routing Slip to Mr. Angleton with Attached Memo for DCI re: True Magazine Article, 8/12/59"
102260484,263,series,Restricted - Fully,FOIA (b)(1) National Security,,,"Policy, Planning, and History Records"
7542181,263,fileUnit,Restricted - Partly,FOIA (b)(1) National Security,,,"6) NIE 18, 10 Jan 51, The Probability of Soviet Employment of Biological Weapons (BW) and Chemical Weapons (CW) in the Event of Attacks Upon the US"
7542573,263,fileUnit,Restricted - Partly,FOIA (b)(1) National Security,,,"31) NIO IIM 76-016, Apr 76, The Soviet Stationary Satellite Communications System: Implications for INTELSAT"
7553381,263,fileUnit,Restricted - Partly,FOIA (b)(1) National Security,,,"20) SNIE 58-70 58-70, 5 Feb 70, The Communist View of the Situation in Laos"
7327127,263,fileUnit,Restricted - Possibly,FOIA (b)(1) National Security,,,"NIE 11-8-68, 3 Oct 68, Soviet Strategic Attack Forces"
7553268,263,fileUnit,Restricted - Partly,FOIA (b)(1) National Security,,,"34) NIE 64 (Part I), 12 Nov 52, Soviet Bloc Capabilities Through Mid-1953"
7553705,263,fileUnit,Restricted - Partly,FOIA (b)(1) National Security,,,"NIO IIM 76-013C, Mar 76, Soviet and Cuban Aid to the MPLA in Angola During February 1976"
7579520,263,fileUnit,Restricted - Fully,FOIA (b)(1) National Security,,,"MFR re: Conversation Between DCI and IG, 1/6/55"
7579527,263,fileUnit,Restricted - Fully,FOIA (b)(1) National Security,,,Biography of Lyman Patrick
7542309,263,fileUnit,Restricted - Partly,FOIA (b)(1) National Security,,,"7) NIE 11-5-65, 22 Jan 65, Soviet Economic Problems and Prospects"
7542352,263,fileUnit,Restricted - Partly,FOIA (b)(1) National Security,,,"50) SNIE 15-83, 31 Jan 83, Yugoslavia: An Approaching Crisis?"
7553708,263,fileUnit,Restricted - Partly,FOIA (b)(1) National Security,,,"SNIE 3/11-4-81, 17 Nov 81, Dependence of Soviet Military Power on Economic Relations with the West"
7579560,263,fileUnit,Restricted - Fully,FOIA (b)(1) National Security,,,"Memo to Tracy Barnes from Kirk re: Memo Concerning IG's Survey of Cuban Operation, 1/22/62"
7579658,263,fileUnit,Restricted - Fully,FOIA (b)(1) National Security,,,"Letter to Kirk from Hoover re: Pleased to Receive a Letter Such as Yours, 9/12/52"
7326846,263,fileUnit,Restricted - Possibly,FOIA (b)(1) National Security,,,"NIE 18, 10 Jan 51, The Probability of Soviet Employment of  Biological Weapons (BW) and Chemical Weapons (CW) in the Event of Attacks Upon the US"
7326956,263,fileUnit,Restricted - Possibly,FOIA (b)(1) National Security,,,"SNIE 11-7-59, 30 Jun 59, Probable Soviet Position at a Conference on Antarctica"
7542283,263,fileUnit,Restricted - Partly,FOIA (b)(1) National Security,,,"108) SNIE 100-11-58, 16 Sept 58, Probable Chinese Communist and Soviet Intention in the Taiwan Strait Area"
7542332,263,fileUnit,Restricted - Partly,FOIA (b)(1) National Security,,,"30) NIE 15-73, 5 Jul 73, Yugoslavia After Tito"
7542668,263,fileUnit,Restricted - Partly,FOIA (b)(1) National Security,,,"NI IIM 86-10004, Feb 86, Soviet Civil Defense: Objectives, Pace, and Effectiveness"
7553342,263,fileUnit,Restricted - Partly,FOIA (b)(1) National Security,,,"108) SNIE 100-11-58, 16 Sept 58, Probable Chinese Communist and Soviet Intention in the Taiwan Strait Area"
7553593,263,fileUnit,Restricted - Partly,FOIA (b)(1) National Security,,,"51) NI IIM 80-10017JX, Oct 80, The Soviet Invasion of Afghanistan: Implications for Warning"
7579629,263,fileUnit,Restricted - Fully,FOIA (b)(1) National Security,,,"Letter to Kirk from W.E. Colby re: Review of Manuscript and Required Changes, 1/5/73"
7326844,263,fileUnit,Restricted - Possibly,FOIA (b)(1) National Security,,,"NIE 15, 11 Dec 50, Probable Soviet Moves to Exploit the Present Situation"
7327204,263,fileUnit,Restricted - Possibly,FOIA (b)(1) National Security,,,"NIE 4-1-78, 10 Apr 78, Warsaw Pact Concepts and Capabilities for Going to War in Europe: Implications for NATO Warning of War"
7327282,263,fileUnit,Restricted - Possibly,FOIA (b)(1) National Security,,,"NIE 11-12-66, 1 Dec 66, The Outlook for Sino-Soviet Relations"
7542278,263,fileUnit,Restricted - Partly,FOIA (b)(1) National Security,,,"103) NIE 10-58, 4 Mar 58, Anti-Communist Resistance Potential in the Sino-Soviet Bloc"
7542515,263,fileUnit,Restricted - Partly,FOIA (b)(1) National Security,,,"32) SNIE 11-13-68, 18 Jul 68, US Intelligence Capabilities to Monitor Certain Limitations on Soviet Strategic Weapons Programs"
7542563,263,fileUnit,Restricted - Partly,FOIA (b)(1) National Security,,,"21) NIE 11-8-70, 24 Nov 70, Soviet Forces for Intercontinental Attack"
7553281,263,fileUnit,Restricted - Partly,FOIA (b)(1) National Security,,,"47) NIE 65, 16 Jun 53, Soviet Bloc Capabilities Through 1957"
7553680,263,fileUnit,Restricted - Partly,FOIA (b)(1) National Security,,,"NI IIM 82-10006, Jun 82, The Technology Acquisition Efforts of the Soviet Intelligence Services"
7579603,263,fileUnit,Restricted - Fully,FOIA (b)(1) National Security,,,"Memo to Robert Kennedy from Kirk re: FBI Investigation Report on Cuban Revolutionary Activities, 10/62"
7553332,263,fileUnit,Restricted - Partly,FOIA (b)(1) National Security,,,"98) NIE 100-4-57, 9 Jul 57, Implications of Growing Nuclear Capabilities for the Communist Bloc and the Free World"
7553370,263,fileUnit,Restricted - Partly,FOIA (b)(1) National Security,,,"9) SNIE 10-3-65, 11 Feb 65, Communist Reactions to Possible US Actions"
7327238,263,fileUnit,Restricted - Possibly,FOIA (b)(1) National Security,,,"NIE 11-8-70, 24 Nov 70, Soviet Forces for Intercontinental Attack"
7542210,263,fileUnit,Restricted - Partly,FOIA (b)(1) National Security,,,"35) NIE 64 (Part II), 11 Dec 52, Probable Soviet Bloc Courses of Action Through Mid-1953"
7542482,263,fileUnit,Restricted - Partly,FOIA (b)(1) National Security,,,"74) NICM 83-10017, 12 Sept 83, Possible Soviet Responses to the US Strategic Defense Initiative"
7553467,263,fileUnit,Restricted - Partly,FOIA (b)(1) National Security,,,"52) NICM 83-10006, Apr 83, Dimensions of Civil Unrest in the Soviet Union"
7579457,263,fileUnit,Restricted - Fully,FOIA (b)(1) National Security,,,Letter to John Macy from Kirk re: Assisting Out Supervisors in Personnel Management Responsibilities
7579611,263,fileUnit,Restricted - Fully,FOIA (b)(1) National Security,,,"Text of Lecture Given by Kirk on Paramilitary Case Study, The Bay of Pigs"
7542271,263,fileUnit,Restricted - Partly,FOIA (b)(1) National Security,,,"96) SNIE 100-2-57, 28 May 57, Soviet Capabilities for Deception"
7542577,263,fileUnit,Restricted - Partly,FOIA (b)(1) National Security,,,"35) NI IIM 17-029, Dec 77, Soviet Civil Defense: Objectives, Pace, and Effectiveness"
7542589,263,fileUnit,Restricted - Partly,FOIA (b)(1) National Security,,,"47) NIE 11-1/7-84, 26 Nov 84, Potential for the Transfer of US Space Technology to the Soviet Union"
7553344,263,fileUnit,Restricted - Partly,FOIA (b)(1) National Security,,,"110) SNIE 100-13-58, 23 Dec 58, Soviet Objectives in the Berlin Crisis"
7553483,263,fileUnit,Restricted - Partly,FOIA (b)(1) National Security,,,"16) NIE 11-8-59, 9 Feb 63, Soviet Capabilities for Strategic Attack Through Mid-1964"
7327234,263,fileUnit,Restricted - Possibly,FOIA (b)(1) National Security,,,"NIE 4-68, 13 Jun 68, The Clandestine Introduction of Weapons of Mass Destruction into the US"
7327347,263,fileUnit,Restricted - Possibly,FOIA (b)(1) National Security,,,"NIE 11-7-87, Aug 87, Soviet S&T Policies and Strategies Under Gorbachev"
7542328,263,fileUnit,Restricted - Partly,FOIA (b)(1) National Security,,,"26) NIE 11-72, 20 Apr 72, soviet Foreign Policies and the Outlook for Soviet-American Relations"
1374269,263,fileUnit,Restricted - Partly,,,,"Denuel, Mathias"
7542437,263,fileUnit,Restricted - Partly,FOIA (b)(1) National Security,,,"29) NIE 11-3-62, 31 Oct 62, Soviet Bloc Air and Missile Defense Capabilities Through Mid-1967"
7542530,263,fileUnit,Restricted - Partly,FOIA (b)(1) National Security,,,"47) NIE 4-1-78, 10 Apr 78, Warsaw Pact Concepts and Capabilities for Going to War in Europe: Implications for NATO Warning of War"
7553614,263,fileUnit,Restricted - Partly,FOIA (b)(1) National Security,,,"13) NIE 11-1-65, 27 Jan 65, The Soviet Space Program"
102260485,263,series,Restricted - Fully,FOIA (b)(1) National Security,,,Publication Files
7542444,263,fileUnit,Restricted - Partly,FOIA (b)(1) National Security,,,"36) Memo to Holders of NIE 11-8-64, 10 May 65, Soviet Capabilities for Strategic Attack"
7542194,263,fileUnit,Restricted - Partly,FOIA (b)(1) National Security,,,"19) SE 16, 12 Oct 51, The Strength and Capabilities of Soviet Bloc Forces to Conduct Military Operations Against NATO"
7553580,263,fileUnit,Restricted - Partly,FOIA (b)(1) National Security,,,"38) NIE 11-3-69, 2 Oct 69, Soviet Strategic Defenses"
7326859,263,fileUnit,Restricted - Possibly,FOIA (b)(1) National Security,,,"SE 16, 12 Oct 51, The Strength and Capabilities of Soviet Bloc Forces to Conduct Military Operations Against NATO"
7542402,263,fileUnit,Restricted - Partly,FOIA (b)(1) National Security,,,"46) SNIE 11/30-82, 5 Jan 82, Soviet Short-Term Options in South Asia"
7553712,263,fileUnit,Restricted - Partly,FOIA (b)(1) National Security,,,"NIE 36.9/11-84, 5 Apr 84, South Yemen-USSR: Outlook for the Relationship"
40586854,263,series,Restricted - Partly,FOIA (b)(1) National Security,,,Files Related to the Lyndon B. Johnson Administration
7553399,263,fileUnit,Restricted - Partly,FOIA (b)(1) National Security,,,"38) NIE 11-4-78, 9 May 78, Soviet Goals and Expectations in the Global Power Arena"
7553523,263,fileUnit,Restricted - Partly,FOIA (b)(1) National Security,,,"56) SR RP 73-1, 1 Jun 73, Soviet Nuclear Doctrine: Concepts of Intercontinental and Theater War"
7579624,263,fileUnit,Restricted - Fully,FOIA (b)(1) National Security,,,"Letter to Kirk from School House Farm re: Miss Clavero, 1/22/63"
25777720,263,series,Restricted - Partly,FOIA (b)(1) National Security; FOIA (b)(3) Statute,1940,1947,Select Documents from the Office of the Director of Central Intelligence
7326995,263,fileUnit,Restricted - Possibly,FOIA (b)(1) National Security,,,"NIE 80/90-71, 29 Apr 71, The Soviet Role in Latin America"
7327081,263,fileUnit,Restricted - Possibly,FOIA (b)(1) National Security,,,"SNIE 11-6-57, 10 Jan 57, Soviet Gross Capabilities for Attack on the Continental US in Mid-1960"
7327211,263,fileUnit,Restricted - Possibly,FOIA (b)(1) National Security,,,"NIE 11-13-82, 13 Oct 82, Soviet Ballistic Missile Defense"
7327297,263,fileUnit,Restricted - Possibly,FOIA (b)(1) National Security,,,"NI IIM 82-10006, Jun 82, The Technology Acquisition Efforts of the Soviet Intelligence Services"
7553599,263,fileUnit,Restricted - Partly,FOIA (b)(1) National Security,,,"57) SNIE 11-10-84/JX, 18 May 84, Implications of Recent Soviet Military Political Activities"
7553600,263,fileUnit,Restricted - Partly,FOIA (b)(1) National Security,,,"58) NIE 11/20-6-84, 25 Oct 84, Warsaw Pact Nonnuclear Threat to NATO Airbases in Central Europe"
7327298,263,fileUnit,Restricted - Possibly,FOIA (b)(1) National Security,,,"NI IIM 82-10012, Nov 82, The Readiness of Soviet Ground Forces"
7542192,263,fileUnit,Restricted - Partly,FOIA (b)(1) National Security,,,"17) SE 10, 15 Sept 51, Soviet Capabilities for a Surprise Attack on the Continental United Sates Before July 1952"
7553726,263,fileUnit,Restricted - Partly,FOIA (b)(1) National Security,,,"NI IIM 86-10004, Feb 86, Soviet Civil Defense: Objectives, Pace, and Effectiveness"
7579519,263,fileUnit,Restricted - Fully,FOIA (b)(1) National Security,,,"Note to Wm. Jackson (Senior Agency Official) re: Keeping you Advised of All Developments, 6/29/55"
1226102,263,series,Restricted - Partly,FOIA (b)(1) National Security,,,Country Handbooks
7326932,263,fileUnit,Restricted - Possibly,FOIA (b)(1) National Security,,,"SNIE 11-8-56, 6 Nov 56, Likelihood of Soviet Violation of Austrian Neutrality"
7327259,263,fileUnit,Restricted - Possibly,FOIA (b)(1) National Security,,,"SNIE 11/50/37-82, 26 Feb 82, Use of Toxins and Other Lethal Chemicals in Southeast Asia and Afghanistan of Toxins and Other Lethal chemicals in Southeast Asia and Afghanistan: Volume II, Supporting An"
7542375,263,fileUnit,Restricted - Partly,FOIA (b)(1) National Security,,,"19) NIE 11-1-62, 5 Dec 62, The Soviet Space Program"
7542446,263,fileUnit,Restricted - Partly,FOIA (b)(1) National Security,,,"38) NIE 11-8-65, 7 Oct 65, Soviet Capabilities for Strategic Attack"
7542559,263,fileUnit,Restricted - Partly,FOIA (b)(1) National Security,,,"17) NIE 4-68, 13 Jun 68, The Clandestine Introduction of Weapons of Mass Destruction into the US"
7542561,263,fileUnit,Restricted - Partly,FOIA (b)(1) National Security,,,"19) NIE 11-1-69, 19 Jun 69, The Soviet Space Program"
7542612,263,fileUnit,Restricted - Partly,FOIA (b)(1) National Security,,,"NIO IIM 76-010 J, Mar 76, Prospects for Improvement in Soviet Low-Altitude Air Defense"
7542632,263,fileUnit,Restricted - Partly,FOIA (b)(1) National Security,,,"NIE 11-15-84/D, Mar 85, Soviet Naval Strategy and Programs Through the 1990s"
7553423,263,fileUnit,Restricted - Partly,FOIA (b)(1) National Security,,,"8) SNIE 11-10/1-61, Soviet Tactics in the Berlin Crisis"
7553527,263,fileUnit,Restricted - Partly,FOIA (b)(1) National Security,,,"60) NIE 11-3/8-75, 17 Nov 75, Soviet Forces for Intercontinental Conflict Through the Mid-1980s"
1374199,263,fileUnit,Restricted - Partly,,,,"Bender, Zdislau"
1374467,263,fileUnit,Restricted - Partly,,,,"Inde, Edgars"
7553334,263,fileUnit,Restricted - Partly,FOIA (b)(1) National Security,,,"100) SNIE 11-7-57, 10 Dec 57, Feasibility and Likelihood of Soviet Evasion of a Nuclear Test Moratorium"
7553592,263,fileUnit,Restricted - Partly,FOIA (b)(1) National Security,,,"50) NIE 11-10-79, Oct 79, Soviet Military Capabilities to Project Power and Influence in Distant Areas"
7553703,263,fileUnit,Restricted - Partly,FOIA (b)(1) National Security,,,"NIO IIM 76-007C, Feb 76, Soviet and Cuban Aid to the MPLA in Angola During January 1976"
7327099,263,fileUnit,Restricted - Possibly,FOIA (b)(1) National Security,,,"NIE 11-4-60, 1 Dec 60, Main Trends in Soviet Capabilities and Policies, 1960-1965"
7542414,263,fileUnit,Restricted - Partly,FOIA (b)(1) National Security,,,"6) SNIE 11-8-57, 18 Sept 57, Evaluation of Evidence Concerning Soviet ICBM Flight Tests"
7553525,263,fileUnit,Restricted - Partly,FOIA (b)(1) National Security,,,"58) NIE 11-8-73, 25 Jan 74, Soviet Forces for Intercontinental Attack"
7579518,263,fileUnit,Restricted - Fully,FOIA (b)(1) National Security,,,"Cover Note and Attached Memo re: Review of the Indonesian Operation, 6/9/58"
7327075,263,fileUnit,Restricted - Possibly,FOIA (b)(1) National Security,,,"NICM  82-10004, Apr 82, The Soviet Bloc Financial Problem as a Source of Western Influence"
7542191,263,fileUnit,Restricted - Partly,FOIA (b)(1) National Security,,,"16) NIE 31, 4 Sept 51, Soviet Capabilities for Clandestine Attack Against the US with Weapons of Mass Destruction and the Vulnerability of the US to Such Attack (mid-1951 to mid-1952)"
7542554,263,fileUnit,Restricted - Partly,FOIA (b)(1) National Security,,,"12) Memo to Holders of NIE 11-10-63, Soviet Capabilities and Intentions with Respect to Chemical Warfare"
7326967,263,fileUnit,Restricted - Possibly,FOIA (b)(1) National Security,,,"SNIE 2-4-61, 31 Aug 61, Reactions to Certain US Measures in the Berlin Crisis"
7327118,263,fileUnit,Restricted - Possibly,FOIA (b)(1) National Security,,,"NIE 11-8-65, 7 Oct 65, Soviet Capabilities for Strategic Attack"
7542243,263,fileUnit,Restricted - Partly,FOIA (b)(1) National Security,,,"68) SNIE 11-8-54, 14 Sept 54, Probable Warning of Soviet Attack on the US Through Mid-1957"
7542453,263,fileUnit,Restricted - Partly,FOIA (b)(1) National Security,,,"45) NIE 11-3-67, 9 Nov 67, Soviet Strategic Air and Missile Defenses"
1280599,263,series,Restricted - Partly,FOIA (b)(1) National Security,,,Information Reports Filed Under File Code OO-UT
7327049,263,fileUnit,Restricted - Possibly,FOIA (b)(1) National Security,,,"NIE 11-63, 22 May 63, Main Trends in Soviet Foreign Policy"
7327109,263,fileUnit,Restricted - Possibly,FOIA (b)(1) National Security,,,"NIE 11-4-63, 22 Mar 63, Soviet Military Capabilities and Policies, 1962-1967"
7327268,263,fileUnit,Restricted - Possibly,FOIA (b)(1) National Security,,,"NIE 11-3/8-84/85, 25 Apr 85, Soviet Capabilities for Strategic Nuclear Conflict Through the Mid-1990s - Key Judgments"
7542424,263,fileUnit,Restricted - Partly,FOIA (b)(1) National Security,,,"16) NIE 11-8-59, 9 Feb 63, Soviet Capabilities for Strategic Attack Through Mid-1964"
7553641,263,fileUnit,Restricted - Partly,FOIA (b)(1) National Security,,,"40) SNIE 11/50/37-82, 2 Feb 82, Use of Toxins and Other Lethal Chemicals in Southeast Asia and Afghanistan"
7553689,263,fileUnit,Restricted - Partly,FOIA (b)(1) National Security,,,"SNIE 11-20-84/D, Mar 85, Soviet Submarine Warfare Trends"
7579488,263,fileUnit,Restricted - Fully,FOIA (b)(1) National Security,,,"Memo re: Review of Mertis of CIA Alumni Association, 2/3/61"
7326909,263,fileUnit,Restricted - Possibly,FOIA (b)(1) National Security,,,"SNIE 11-8-54, 14 Sept 54, Probable Warning of Soviet Attack on the US Through Mid-1957"
7542390,263,fileUnit,Restricted - Partly,FOIA (b)(1) National Security,,,"34) NIE 11-7-67, 28 Sept 67, Soviet Foreign Policy"
7542665,263,fileUnit,Restricted - Partly,FOIA (b)(1) National Security,,,"NIE 11023086, Sept 86, Implications of the Decline in Soviet Hard Currency Earnings"
7553264,263,fileUnit,Restricted - Partly,FOIA (b)(1) National Security,,,"30) NIE 53/1, 1 May 52, Review of Probable Soviet Courses of Action with Respect to Germany During 1952, in the Light of Recent Soviet Moves"
7579526,263,fileUnit,Restricted - Fully,FOIA (b)(1) National Security,,,"Memo to DCI from Kirk re: Army Distaff Foundation, 3/2/60"
7327216,263,fileUnit,Restricted - Possibly,FOIA (b)(1) National Security,,,"NIE 11/20-6-84, 25 Oct 84, Warsaw Pact Nonnuclear Threat to NATO Airbases in Central Europe"
7542225,263,fileUnit,Restricted - Partly,FOIA (b)(1) National Security,,,"50) SE 36/1, 3 Aug 53, Soviet Capabilities for Attack on the US Through Mid-1955"
7542462,263,fileUnit,Restricted - Partly,FOIA (b)(1) National Security,,,"54) NIE 11-3-72, 2 Nov 72, Soviet Strategic Defenses"
7553248,263,fileUnit,Restricted - Partly,FOIA (b)(1) National Security,,,"14) NIE 25, 2 Aug 51, Probable Soviet Courses of Action in Mid-1952"
7553291,263,fileUnit,Restricted - Partly,FOIA (b)(1) National Security,,,"57) NIE 11-3A-54, 16 Feb 54, The Soviet Atomic Energy Program to Mid-1957"
7326991,263,fileUnit,Restricted - Possibly,FOIA (b)(1) National Security,,,"SNIE 11-16-70, 19 Feb 70, Soviet Attitudes Toward Salt"
7327083,263,fileUnit,Restricted - Possibly,FOIA (b)(1) National Security,,,"NIE 11-3-57, 18 Jun 57, Probable Intelligence Warning of Soviet Attack on the US"
7579574,263,fileUnit,Restricted - Fully,FOIA (b)(1) National Security,,,"Handwritten Note Mentioning Brooks Hays, 8/15/61"
7326997,263,fileUnit,Restricted - Possibly,FOIA (b)(1) National Security,,,"SNIE 11.1-72, 16 May 72, Security Conditions in the USSR, Poland, Austria, and Iran"
7327043,263,fileUnit,Restricted - Possibly,FOIA (b)(1) National Security,,,"SNIE 11-16-62, 13 Sept 62, Current Soviet Tactics on Berlin"
7542363,263,fileUnit,Restricted - Partly,FOIA (b)(1) National Security,,,"7) SNIE 11-11-61, 7 Sept 61, Implications of the Soviet Resumption of Nuclear Testing"
7553368,263,fileUnit,Restricted - Partly,FOIA (b)(1) National Security,,,"7) NIE 11-5-65, 22 Jan 65, Soviet Economic Problems and Prospects"
7553583,263,fileUnit,Restricted - Partly,FOIA (b)(1) National Security,,,"41) NIE 11-14-71, 9 Sept 71, Warsaw Pact Forces for Operations in Eurasia"
7579562,263,fileUnit,Restricted - Fully,FOIA (b)(1) National Security,,,"Memo for Patrick Coyne from J.S. Earman re: Attachment for President's Foreign Intelligence Advisory Board, 1/18/62"
102260458,263,series,Restricted - Fully,FOIA (b)(1) National Security,,,Communication and Training Files
1280603,263,series,Restricted - Partly,FOIA (b)(1) National Security,,,"Information Reports Filed Under File Codes OO-M, OO-Q, OO-R, and OO-W"
1374315,263,fileUnit,Restricted - Partly,,,,"Ernstons, Arnolds"
7542205,263,fileUnit,Restricted - Partly,FOIA (b)(1) National Security,,,"30) NIE 53/1, 1 May 52, Review of Probable Soviet Courses of Action with Respect to Germany During 1952, in the Light of Recent Soviet Moves"
7542350,263,fileUnit,Restricted - Partly,FOIA (b)(1) National Security,,,"48) SNIE 12.6-82, 1 Sept 82, Poland's Prospects Over the Next 12 to 18 Months"
7542518,263,fileUnit,Restricted - Partly,FOIA (b)(1) National Security,,,"35) NIE 11-3-68, 31 Oct 68, Soviet Strategic Air and Missile Defenses"
7553258,263,fileUnit,Restricted - Partly,FOIA (b)(1) National Security,,,"24) SE 20, 17 Dec 51, The Probable Consequences of Certain Possible US courses of Action with Respect to Communist China and Korea"
7553496,263,fileUnit,Restricted - Partly,FOIA (b)(1) National Security,,,"29) NIE 11-3-62, 31 Oct 62, Soviet Bloc Air and Missile Defense Capabilities Through Mid-1967"
7553539,263,fileUnit,Restricted - Partly,FOIA (b)(1) National Security,,,"72) NIE 11/4-82, 10 Aug 82, The Soviet Challenge to US Security Interests"
7579469,263,fileUnit,Restricted - Fully,FOIA (b)(1) National Security,,,"Memo re: Scholarships for the Children of CIA Career Employees, 2/6/58"
7326861,263,fileUnit,Restricted - Possibly,FOIA (b)(1) National Security,,,"NIE 33, 7 Nov 51, Soviet Control of the European Satellites and Their Economies and Military Contributions to Soviet Power, Through Mid-1953"
7326947,263,fileUnit,Restricted - Possibly,FOIA (b)(1) National Security,,,"SNIE 11-6-58, 24 Jun 58, The Soviet Attitude Toward Disarmament"
7327247,263,fileUnit,Restricted - Possibly,FOIA (b)(1) National Security,,,"IIM  75-015, 3 Mar 75, Soviet Strategic Policies and Force Options Under the Vladivostok Understanding"
7553447,263,fileUnit,Restricted - Partly,FOIA (b)(1) National Security,,,"32) NIE 11-5-67, 25 May 67, Soviet Economic Problems and Prospects"
7326852,263,fileUnit,Restricted - Possibly,FOIA (b)(1) National Security,,,"SE 7, 15 Jun 51, Probable Soviet Reaction to the Inclusion of Greece and Turkey in Western Defense Agreements"
7327066,263,fileUnit,Restricted - Possibly,FOIA (b)(1) National Security,,,"SNIE 11-9-69, 17 Jul 69, Current Soviet Attitudes Toward the US"
7327200,263,fileUnit,Restricted - Possibly,FOIA (b)(1) National Security,,,"NIE 11-14-71, 10 Aug 72, Warsaw Pact Forces for Operations in Eurasia"
7327260,263,fileUnit,Restricted - Possibly,FOIA (b)(1) National Security,,,"SNIE 11/50/37-82, 2 Mar 83, Use of Toxins and Other Lethal Chemicals in Southeast Asia and Afghanistan"
7542184,263,fileUnit,Restricted - Partly,FOIA (b)(1) National Security,,,"9) SE 2, 21 Feb 51, Probable Effects on Soviet Intentions and Capabilities of Arming the Japanese National Police Reserve as Four Fully Equipped Divisions"
7542213,263,fileUnit,Restricted - Partly,FOIA (b)(1) National Security,,,"38) SE 39, 12 Mar 53, Probable Consequences of the Death of Stalin and of the Elevation of Malenkov to Leadership in the USSR"
7542635,263,fileUnit,Restricted - Partly,FOIA (b)(1) National Security,,,"NIE 13/11-84, Jun 85, The Changing Sino-Soviet Relationship"
7553290,263,fileUnit,Restricted - Partly,FOIA (b)(1) National Security,,,"56) SNIE 11-54, 15 Feb 54, Likelihood of General War Through 1957"
7579472,263,fileUnit,Restricted - Fully,FOIA (b)(1) National Security,,,"Letter to Mr./Mrs. Hollingsworth from Kirk re: Education for the Children of Employees, 8/8/60"
7327045,263,fileUnit,Restricted - Possibly,FOIA (b)(1) National Security,,,"NIE 11-12-62, 5 Dec 62, Trends in soviet Policy Toward Sub-Saharan Africa"
7327168,263,fileUnit,Restricted - Possibly,FOIA (b)(1) National Security,,,"NIE 11-14-62, 5 Dec 62, Capabilities of the Soviet Theater Forces"
7553563,263,fileUnit,Restricted - Partly,FOIA (b)(1) National Security,,,"21) NIE 11-14-65, 21 Oct 65, Capabilities of Soviet General Purpose Forces"
640446,263,series,Restricted - Partly,FOIA (b)(1) National Security; FOIA (b)(6) Personal Information,1936,2002,Second Release of Name Files Under the Nazi War Crimes and Japanese Imperial Government Disclosure Acts
7327164,263,fileUnit,Restricted - Possibly,FOIA (b)(1) National Security,,,"NIE 11-4-61, 24 Aug 61, Main Trends in Soviet Capabilities and Policies, 1961-1966"
7553721,263,fileUnit,Restricted - Partly,FOIA (b)(1) National Security,,,"NI IIM 85-10013, Feb 86, Soviet Planning and Capability for Protracted Nuclear War"
7579578,263,fileUnit,Restricted - Fully,FOIA (b)(1) National Security,,,"Handwritten Note to Kirk from Mr. Clarendon re: Mrs. Clavero, 5/28/61"
7542342,263,fileUnit,Restricted - Partly,FOIA (b)(1) National Security,,,"40) NIE 15-79, 1 Feb 80, Prospects for Post-Tito Yugoslavia"
7553672,263,fileUnit,Restricted - Partly,FOIA (b)(1) National Security,,,"NI IIM 77-010C, Apr 77, The Significance of Soviet TU-95 Bear D Deployments in West Africa"
7327107,263,fileUnit,Restricted - Possibly,FOIA (b)(1) National Security,,,"Memo for Holders of NIE 11-8-62, 6 Jul 62, : Soviet Capabilities for Long Range Attack"
7542193,263,fileUnit,Restricted - Partly,FOIA (b)(1) National Security,,,"18) SE 15, 4 Oct 51, Possible Psychological Reactions to a US Air Offensive Against the USSR"
7542338,263,fileUnit,Restricted - Partly,FOIA (b)(1) National Security,,,"36) NIE 11-5-75, 9 Oct 75, The Soviet Assessment of the US"
7542478,263,fileUnit,Restricted - Partly,FOIA (b)(1) National Security,,,"70) SNIE 11-4/2-81, 6 Oct 81, Soviet Potential to Respond to US Strategic Force Improvements and Foreign Relations"
7542618,263,fileUnit,Restricted - Partly,FOIA (b)(1) National Security,,,"NIE 11-14/40-81, Oct 85, Soviet Military Forces in the Far East"
7553455,263,fileUnit,Restricted - Partly,FOIA (b)(1) National Security,,,"40) NIE 11-10-69, 12 Jun 69, Trends and prospects in Soviet Maritime Activities"
7553501,263,fileUnit,Restricted - Partly,FOIA (b)(1) National Security,,,"34) NIE 11-8-64, 8 Oct 64, Soviet Capabilities for Strategic Attack"
7327158,263,fileUnit,Restricted - Possibly,FOIA (b)(1) National Security,,,"Memo to Holders of NIE 11-5-59, Soviet Capabilities in Guided Missiles and Space Vehicles"
7553235,263,fileUnit,Restricted - Partly,FOIA (b)(1) National Security,,,"1) NIE 3, 15 Nov 50, Soviet Capabilities and Intentions"
7553632,263,fileUnit,Restricted - Partly,FOIA (b)(1) National Security,,,"31) NIO IIM 76-016, Apr 76, The Soviet Stationary Satellite Communications System: Implications for INTELSAT"
7579587,263,fileUnit,Restricted - Fully,FOIA (b)(1) National Security,,,"MFR re: Excerpt from Contact Report, 9/10/59"
7326875,263,fileUnit,Restricted - Possibly,FOIA (b)(1) National Security,,,"NIE 64 (Part II, 11 Dec 52, Probable Soviet Bloc Courses of Action Through Mid-1953"
7327207,263,fileUnit,Restricted - Possibly,FOIA (b)(1) National Security,,,"NIE 11-10-79, Oct 79, Soviet Military Capabilities to Project Power and Influence in Distant Areas"
7327213,263,fileUnit,Restricted - Possibly,FOIA (b)(1) National Security,,,"NIE 11/39-83D, Dec 83, Soviet Forces and Capabilities in the Southern Theater of Military Operations"
7542200,263,fileUnit,Restricted - Partly,FOIA (b)(1) National Security,,,"25) NIE 29/2, 4 Jan 52, Probable Developments in Yugoslavia and the Likelihood of Attack Upon Yugoslavia Through 1952"
7553494,263,fileUnit,Restricted - Partly,FOIA (b)(1) National Security,,,"27) NIE 11-8-62, 6 Jul 62, Soviet Capabilities for Long Range Attack"
25777973,263,series,Restricted - Partly,FOIA (b)(1) National Security; FOIA (b)(3) Statute,,,Documentary Intelligence Reports Concerning the Warsaw Pact
102260461,263,series,Restricted - Fully,FOIA (b)(1) National Security,,,Directive Files
1374461,263,fileUnit,Restricted - Partly,,,,"Humita, Tiberu"
7542330,263,fileUnit,Restricted - Partly,FOIA (b)(1) National Security,,,"28) NIE 12-72, 26 Oct 72, The USSR and the Changing Scene in Europe"
7553349,263,fileUnit,Restricted - Partly,FOIA (b)(1) National Security,,,"115) NIE 11-6-59, 21 Jul 59, Soviet Science and Technology"
7327156,263,fileUnit,Restricted - Possibly,FOIA (b)(1) National Security,,,"NIE 11-57, 16 Jul 57, Sino-Soviet Bloc Air Defense Capabilities Through Mid-1962"
7542296,263,fileUnit,Restricted - Partly,FOIA (b)(1) National Security,,,"121) SNIE 2-61, 13 Jun 61, Soviet and Other Reactions to Various Courses of Action Regarding Berlin"
7542433,263,fileUnit,Restricted - Partly,FOIA (b)(1) National Security,,,"25) 11-8/1-61, Strength and Deployment of Soviet Long Range Ballistic Missile Forces"
7553550,263,fileUnit,Restricted - Partly,FOIA (b)(1) National Security,,,"8) NIE 11-5-61, 25 Apr 61, Soviet Technical Capabilities in Guided Missiles and Space Vehicles"
7553698,263,fileUnit,Restricted - Partly,FOIA (b)(1) National Security,,,"SNIE 11-13/1-62, 1 Aug 62, Soviet Intentions with Respect to Berlin"
7579487,263,fileUnit,Restricted - Fully,FOIA (b)(1) National Security,,,Letter to B. Hays from Kirk re: Invitation to Lunch
7579552,263,fileUnit,Restricted - Fully,FOIA (b)(1) National Security,,,"MFR re: Meeting with Mr. McGeorge Bundy, 4/19/63"
7542651,263,fileUnit,Restricted - Partly,FOIA (b)(1) National Security,,,"NIE 11-7-83, 14 Dec 83, Soviet Energy Prospects Into the 1990s"
7553427,263,fileUnit,Restricted - Partly,FOIA (b)(1) National Security,,,"12) SNIE 10-62, 21 Feb 62, Communist Objectives, Capabilities, and Intentions in Southeast Asia"
7579544,263,fileUnit,Restricted - Fully,FOIA (b)(1) National Security,,,"Letter to Dulles from Kirk Concerning Letter from J. Saris and H. Laussucq, 6/21/63"
102260472,263,series,Restricted - Fully,FOIA (b)(1) National Security,1923,1963,Legal Subject Records Files
7327050,263,fileUnit,Restricted - Possibly,FOIA (b)(1) National Security,,,"SNIE 58-63, 18 Jun 63, Communist Reactions to US Actions Taken with Regard to Laos"
7327143,263,fileUnit,Restricted - Possibly,FOIA (b)(1) National Security,,,"NIE 11-3/8-77, 21 Feb 78, Soviet Capabilities for Strategic Nuclear Conflict Through the Late 1980s, Volume I"
7542318,263,fileUnit,Restricted - Partly,FOIA (b)(1) National Security,,,"16) SNIE 10-11-65 22 Sept 65, Probable Communist Reactions to a US Course of Action"
7542413,263,fileUnit,Restricted - Partly,FOIA (b)(1) National Security,,,"5) NIE 11-3-57, 18 Jun 57, Probable Intelligence Warning of Soviet Attack on the US"
7553486,263,fileUnit,Restricted - Partly,FOIA (b)(1) National Security,,,"19) NIE 11-8-60, 1 Aug 60, Soviet Capabilities for Long Range Attack Through Mid-1965"
7327032,263,fileUnit,Restricted - Possibly,FOIA (b)(1) National Security,,,"SNIE 11-11-61, 7 Sept 61, Implications of the Soviet Resumption of Nuclear Testing"
7327095,263,fileUnit,Restricted - Possibly,FOIA (b)(1) National Security,,,"NIE 11-8-59, 9 Feb 63, Soviet Capabilities for Strategic Attack Through Mid-1964"
7553314,263,fileUnit,Restricted - Partly,FOIA (b)(1) National Security,,,"80) NIE 11-6-55, 1 July 55, Probable Intelligence Warning of Soviet Attack on the US Through Mid-1958"
7553435,263,fileUnit,Restricted - Partly,FOIA (b)(1) National Security,,,"20) NIE 11-12-62, 5 Dec 62, Trends in soviet Policy Toward Sub-Saharan Africa"
7553595,263,fileUnit,Restricted - Partly,FOIA (b)(1) National Security,,,"53) NIE 11-14/40-81D, Feb 82, Soviet Military Forces in the Far East"
7579525,263,fileUnit,Restricted - Fully,FOIA (b)(1) National Security,,,"Letter to Dulles from Kirk re: Being Able to get Back to Work Soon, 11/3/52"
574143,263,series,Restricted - Partly,FOIA (b)(1) National Security,1934,2002,First Release of Subject Files Under the Nazi War Crimes and Japanese Imperial Government Disclosure Acts
7327071,263,fileUnit,Restricted - Possibly,FOIA (b)(1) National Security,,,"SNIE 11/2-81, 27 May 81, Soviet Support for International Terrorism and Revolutionary Violence"
7327088,263,fileUnit,Restricted - Possibly,FOIA (b)(1) National Security,,,"SNIE 11-7-58, 5 Jun 58, Strength and Composition of the Soviet Long Range Bomber Force"
7327137,263,fileUnit,Restricted - Possibly,FOIA (b)(1) National Security,,,"SNIE 11-4-73, 10 Sept 73, Soviet Strategic Arms Programs and Détente: What Are They Up To?"
7542220,263,fileUnit,Restricted - Partly,FOIA (b)(1) National Security,,,"45) NIE 81, 22 May 53, Probable Soviet Courses of Action with Respect to Germany, Through Mid-1954"
7542310,263,fileUnit,Restricted - Partly,FOIA (b)(1) National Security,,,"8) SNIE 10-65, 4 Feb 65, Communist Military Capabilities and Near-Term Intentions in Laos and South Vietnam"
7542639,263,fileUnit,Restricted - Partly,FOIA (b)(1) National Security,,,"SNIE 11-13/1-62, 1 Aug 62, Soviet Intentions with Respect to Berlin"
7542662,263,fileUnit,Restricted - Partly,FOIA (b)(1) National Security,,,"NIE 11-14-85/D, Sept 85, Trends and Developments in Warsaw Pact Theater forces, 1985-2000"
7579632,263,fileUnit,Restricted - Fully,FOIA (b)(1) National Security,,,"MFR re: Courtesy Call by ADSO on the Director of the FBI, 4/14/52"
1374402,263,fileUnit,Restricted - Partly,,,,"Hazners, Viliherim"
7327349,263,fileUnit,Restricted - Possibly,FOIA (b)(1) National Security,,,"SNIE 11-20-84JXW, Jan 87, Soviet Submarine Warfare Trends"
7542223,263,fileUnit,Restricted - Partly,FOIA (b)(1) National Security,,,"48) SE 46, 8 Jul 53, Probable Long Term Development of the Soviet Bloc and Western Power Positions"
7553683,263,fileUnit,Restricted - Partly,FOIA (b)(1) National Security,,,"NIC 4604-83, 1 Jul 83, Prospects for Soviet Arms Deliveries to Argentina"
7579508,263,fileUnit,Restricted - Fully,FOIA (b)(1) National Security,,,"MFR re: Discussion with Mario Lazo, 12/29/64"
7579536,263,fileUnit,Restricted - Fully,FOIA (b)(1) National Security,,,"Letter to Dulles from Kirk re: Launch of Educational Air Fund Along with CFC, 11/30/64"
7542196,263,fileUnit,Restricted - Partly,FOIA (b)(1) National Security,,,"21) NIE 33, 7 Nov 51, Soviet Control of the European Satellites and Their Economies and Military Contributions to Soviet Power, Through Mid-1953"
7542341,263,fileUnit,Restricted - Partly,FOIA (b)(1) National Security,,,"39) NIE 15-79, 25 Sept 79, Prospects for Post-Tito Yugoslavia"
7579592,263,fileUnit,Restricted - Fully,FOIA (b)(1) National Security,,,"MFR from Kirk re: Discussion with Sam Papich, FBI, on True Magazine Article, 9/21/59"
7579653,263,fileUnit,Restricted - Fully,FOIA (b)(1) National Security,,,"Letter to Kirk from Hoover re: Appreciation for Thoughtful Letter of August 20, 1955"
7542287,263,fileUnit,Restricted - Partly,FOIA (b)(1) National Security,,,"112) SNIE 100-2-59, 24 Feb 59, Probable Soviet Courses of Action Regarding Berlin and Germany"
7542438,263,fileUnit,Restricted - Partly,FOIA (b)(1) National Security,,,"30) NIE 11-4-63, 22 Mar 63, Soviet Military Capabilities and Policies, 1962-1967"
7553320,263,fileUnit,Restricted - Partly,FOIA (b)(1) National Security,,,"86) NIE 12-56, 10 Jan 56, Probable Developments in the European Satellites Through 1960"
7326890,263,fileUnit,Restricted - Possibly,FOIA (b)(1) National Security,,,"SE 36/1, 3 Aug 53, Soviet Capabilities for Attack on the US Through Mid-1955"
7327223,263,fileUnit,Restricted - Possibly,FOIA (b)(1) National Security,,,"SNIE 100-6-58, 29 Jul 58, Implications of Certain US Earth Satellite Programs"
7327292,263,fileUnit,Restricted - Possibly,FOIA (b)(1) National Security,,,"NIE 11-12-80, 31 Jul 80, Prospects for Soviet Military Technology and R&D (Research and Development"
7553336,263,fileUnit,Restricted - Partly,FOIA (b)(1) National Security,,,"102) SNIE 11-3-58, 11 Feb 58, Soviet Reactions to Possible United States Actions on Antarctica"
7553557,263,fileUnit,Restricted - Partly,FOIA (b)(1) National Security,,,"15) NIE 11-2-64, 16 Jul 64, The Soviet Atomic Energy Program"
7327015,263,fileUnit,Restricted - Possibly,FOIA (b)(1) National Security,,,"NIE 11-4-78, 7 Jul 81, Memorandum to Holders, Soviet Goals and Expectations in the Global Power Arena"
7327085,263,fileUnit,Restricted - Possibly,FOIA (b)(1) National Security,,,"NIE 11-4-57, 12 Nov 57, Main Trends in Soviet Capabilities and Policies 1957-1962"
7542487,263,fileUnit,Restricted - Partly,FOIA (b)(1) National Security,,,"4) NIE 11-3-60, 29 Mar 60, Sino-Soviet Air Defense Capabilities Through Mid-1965"
7542549,263,fileUnit,Restricted - Partly,FOIA (b)(1) National Security,,,"7) NIE 11-7-60, 17 May 60, Soviet Capabilities and Intentions with Respect to the Clandestine Introduction of Weapons of Mass Destruction into the US"
5956141,263,series,Restricted - Fully,Other,,,Calligeris Files
7327144,263,fileUnit,Restricted - Possibly,FOIA (b)(1) National Security,,,"NIE 11-4-78, 9 May 78, Soviet Goals and Expectations in the Global Power Arena"
7542407,263,fileUnit,Restricted - Partly,FOIA (b)(1) National Security,,,"51) NICM 82-10007, May 82, Prospects for Sino-soviet Rapprochement"
7553456,263,fileUnit,Restricted - Partly,FOIA (b)(1) National Security,,,"41) SNIE 11-9-69, 17 Jul 69, Current Soviet Attitudes Toward the US"
7553585,263,fileUnit,Restricted - Partly,FOIA (b)(1) National Security,,,"43) NIE 11-14-71, 10 Aug 72, Warsaw Pact Forces for Operations in Eurasia"
7553656,263,fileUnit,Restricted - Partly,FOIA (b)(1) National Security,,,"55) SNIE 11-16-85/L, Mar 85, Soviet Strategic and Political Objectives in Arms Control in 1985"
102260456,263,series,Restricted - Fully,FOIA (b)(1) National Security,,,Committee Files
7542475,263,fileUnit,Restricted - Partly,FOIA (b)(1) National Security,,,"67) NIE 11-3/8-79, 17 Mar 80, Soviet Capabilities for Strategic Nuclear Conflict Through the 1980s"
7542550,263,fileUnit,Restricted - Partly,FOIA (b)(1) National Security,,,"8) NIE 11-61, 6 Apr 61, Probable Intelligence Warning of Soviet Attack on the US"
7553255,263,fileUnit,Restricted - Partly,FOIA (b)(1) National Security,,,"21) NIE 33, 7 Nov 51, Soviet Control of the European Satellites and Their Economies and Military Contributions to Soviet Power, Through Mid-1953"
7553482,263,fileUnit,Restricted - Partly,FOIA (b)(1) National Security,,,"15) NIE 11-5-59, 3 Nov 59, Soviet Capabilities in Guided Missiles and Space Vehicles"
7553519,263,fileUnit,Restricted - Partly,FOIA (b)(1) National Security,,,"52) NIE 11-4-72, 2 Mar 72, Issues and Options in Soviet Military Policy"
7542242,263,fileUnit,Restricted - Partly,FOIA (b)(1) National Security,,,"67) SNIE 11-7A-54, 14 Sept 54, Soviet Gross Capabilities for Attacks on the US and Key Overseas Installations Through 1 July 1957"
7553671,263,fileUnit,Restricted - Partly,FOIA (b)(1) National Security,,,"NIO IIM 76-010 J, Mar 76, Prospects for Improvement in Soviet Low-Altitude Air Defense"
7553675,263,fileUnit,Restricted - Partly,FOIA (b)(1) National Security,,,"NIE 11-12-80, 31 Jul 80, Prospects for Soviet Military Technology and R&D (Research and Development)"
